Award number,Award Name,Sponsoring Organization,Award Field,Career Stage,Award Amount,awards with nomination deadlines during,Nomination Deadline,Website,synopsis,enrich_status
1,The Wolf Prize,The Wolf Foundation,Multiple disciplines,All stages,100000,September-December awards,"February 16, 2026",https://wolffund.org.il/the-wolf-prize/call-for-proposal/,"The Wolf Prize recognizes outstanding scientific and artistic achievements across multiple disciplines. In sciences, the prize targets research in Physics, Chemistry, Mathematics, Medicine, and Agriculture. The award honors individuals whose work has made significant contributions to benefit humanity, with five prizes awarded annually across rotating scientific and artistic fields.",summarized
2,Patricia Price Browne Prize in Biomedical Ethics,Children's Medical Research Institute/Patricia Price Browne Distinguished Chair (administered through the University of Oklahoma College of Medicine),Public Health & Policy,Middle to Senior-level,10000,September-December awards,"September 15, 2024 (submission deadline for the 2025 Patricia Price Browne Prize)",https://medicine.ouhsc.edu/academic-departments/pediatrics/patricia-price-browne-prize-in-biomedical-ethics,"The Patricia Price Browne Prize in Biomedical Ethics recognizes research and scholarly work addressing ethical issues in biomedical sciences and healthcare. This award targets students, faculty, and staff engaged in examining moral, social, and policy dimensions of medical practice, research, and public health. The prize supports interdisciplinary scholarship that bridges biomedical science with ethical analysis, particularly relevant to clinical medicine, research conduct, and healthcare policy.",summarized
3,Wiley Prize in Biomedical Sciences,Wiley Foundation,Biomedical Research,All stages,50000 (no current amount listed on website; amount retained from prior data),September-December awards,"August 31, 2025",https://www.wiley.com/en-us/foundation/nominate/,"The Wiley Prize in Biomedical Sciences recognizes seminal discoveries in biomedical research that have not yet received extensive recognition. The award targets outstanding scientists and research teams making significant scientific achievements and discoveries across biomedical disciplines. Nominations are international and encourage diversity, with preference for recent impactful discoveries rather than lifetime achievement recognition.",summarized
4,The Tang Prize in Biopharmaceutical Science,Tang Prize Foundation,Biomedical Research,Senior-level,$1.63 Million (no current amount breakdown listed on website; amount retained from prior data),September-December awards,Biennial; current nomination deadline not listed (deadline not yet posted for upcoming cycle),https://www.tang-prize.org/en/first.php,"The Tang Prize in Biopharmaceutical Science recognizes outstanding research contributions in the development and application of pharmaceutical compounds and biologics for treating human diseases. This award targets researchers working at the intersection of drug discovery, pharmaceutical development, and biomedical innovation, including areas such as drug design, therapeutic proteins, and translational medicine.",summarized_from_name
5,Richard Lounsbery Award,National Academy of Sciences and the French Académie des Sciences,Biomedical Research,"Early-career (young scientists, typically 45 or under)",100000,September-December awards,"Monday, October 5, 2026",https://www.nasonline.org/award/richard-lounsbery-award/,"The Richard Lounsbery Award supports biomedical research collaboration and exchange between the United States and France, administered jointly by the National Academy of Sciences and the French Académie des Sciences. The award targets fundamental biomedical research across disciplines, facilitating international scientific partnerships and knowledge sharing between researchers in both countries.",summarized_from_name
6,The Passano Award,Passano Foundation,Medical Practice,Senior-level (established investigators),Honorarium (no fixed amount listed on website),September-December awards,Nominations invited throughout the year; selections made in December (no fixed calendar deadline listed),https://www.passanofoundation.org/award,"The Passano Award recognizes established investigators whose research has led to clinical medical applications, bridging fundamental science and translational medicine. The award honors researchers across diverse disciplines including molecular biology, genetics, immunology, neuroscience, and cell biology whose discoveries have advanced medical practice and patient care. Past recipients represent pioneering work in areas such as cancer biology, immunotherapy, stem cell research, protein synthesis, and disease mechanisms with direct clinical relevance.",summarized
7,The Jessie Stevenson Kovalenko Medal,National Academy of Sciences,Biomedical Research,Mid- to senior-career (outstanding research in the medical sciences),"Medal + $25,000 award + $50,000 for research (no updated amount listed on website; amounts retained from prior data)",September-December awards,"Monday, October 5, 2026 (NAS general awards nomination deadline for the 2026–27 cycle)",https://www.nasonline.org/award/jessie-stevenson-kovalenko-medal/,"The Jessie Stevenson Kovalenko Medal is a biomedical research award from the National Academy of Sciences recognizing distinguished contributions to the life sciences. While specific research focus areas cannot be confirmed without access to the sponsor's website, the award likely targets fundamental or applied biomedical research that advances understanding of biological systems and human health.",summarized_from_name
8,António Champalimaud Vision Award,Champalimaud Foundation,Vision,"Senior-level (leading laboratories, organizations, or collaborative projects)","1,000,000 Euros",September-December awards,"December 31, 2025 (deadline for submissions for the €1,000,000 2026 António Champalimaud Vision Award)",https://www.fchampalimaud.org/vision-award,"The António Champalimaud Vision Award recognizes research and innovation in vision science and blindness prevention, alternating annually between two focus areas: major advances in vision research and restoration of sight (even years), and contributions to fighting blindness and visual impairment in developing regions plus technologies assisting the visually impaired (odd years). The award supports basic, translational, and clinical research, as well as public health programs addressing vision loss globally, with particular emphasis on underserved populations and collaborative, high-impact initiatives across disciplines and institutions.",summarized
9,Mechthild Esser Nemmers Prize in Medical Science,Northwestern University Feinberg School of Medicine,Biomedical Research,All stages (physician-scientists with a distinguished body of work),200000,September-December awards,TBD (deadline not yet posted for upcoming cycle),https://www.nemmers.northwestern.edu/medical-science/,"The Mechthild Esser Nemmers Prize in Medical Science recognizes physician scientists who have made outstanding, lasting contributions to medical science. The award particularly values research on human genetic and immunological determinants of disease, including infectious disease mechanisms and host-pathogen interactions. This prize targets established researchers whose work bridges clinical medicine and fundamental biomedical science, demonstrating significant impact on understanding disease pathogenesis and human health.",summarized
10,The Kavli Prize,The Kavli Foundation and The Norwegian Academy of Science and Letters,"Astrophysics, Nanoscience, and Neuroscience",All stages,"1000000 (USD $1,000,000 in each scientific field)",September-December awards,TBD (next call for nominations not yet posted for upcoming cycle),https://www.kavliprize.org/about/nominations,"The Kavli Prize recognizes transformative basic research breakthroughs in three fields: astrophysics (large-scale cosmic phenomena), nanoscience (materials and structures at the atomic and molecular scale), and neuroscience (brain function and neural systems). The prize honors scientists whose fundamental discoveries have fundamentally advanced understanding in these disciplines, with nominations accepted from the scientific community for individual or collaborative contributions.",summarized
11,Warren Alpert Foundation Prize,Warren Alpert Foundation and Harvard Medical School,Biomedical Research,All stages,500000,September-December awards,TBD (deadline not yet posted for upcoming cycle),https://www.warrenalpert.org/prize,"The Warren Alpert Foundation Prize recognizes scientists and physicians whose research has led to the prevention, cure, or treatment of human disorders, or whose seminal work holds significant promise for advancing disease treatment. The award targets biomedical research across all disciplines and methodologies that demonstrate translational impact or breakthrough potential in human health, spanning basic science discoveries to clinical applications.",summarized
12,The Shaw Prize in Life Science & Medicine,The Shaw Prize Foundation,Biomedical Research,All stages,1200000,September-December awards,Invitation-only nominations; nomination period typically early September–late November (exact upcoming deadline not yet posted for upcoming cycle),https://www.shawprize.org/about/about-the-prize/,"The Shaw Prize in Life Science & Medicine recognizes outstanding scientific achievements in biomedical research across disciplines including molecular biology, genetics, physiology, and medical sciences. The award targets researchers who have made significant discoveries or developed innovative methodologies that advance understanding of biological systems and human health. It honors both fundamental research contributions and applied work that translates scientific findings toward clinical or therapeutic applications.",summarized
13,The Franklin Institute Awards – Benjamin Franklin Medal,The Franklin Institute,Multiple disciplines,Senior-level,10000,September-December awards,None (nominations accepted at any time throughout the year),https://www.fi.edu/awards/call-for-nominations,"The Benjamin Franklin Medal recognizes transformative discoveries and innovations across seven disciplines: chemistry, civil and mechanical engineering, computer and cognitive science, earth and environmental science, electrical engineering, life science, and physics. The award honors individuals whose work has advanced scientific understanding, benefited humanity, or transformed technology and industry. A companion NextGen Award targets early-career investigators making transformative contributions in these same fields, while the Bower Award for Achievement in Science focuses on outstanding achievements in rotating specialized areas such as innovative chemistry for energy applications.",summarized
14,Dickson Prize in Medicine,University of Pittsburgh School of Medicine,Biomedical Research,All stages,50000,September-December awards,"Friday, October 17, 2025 (for the 2026 Dickson Prize cycle; future deadlines not yet posted for subsequent cycles)",https://www.dicksonprize.pitt.edu/nomination/,"The Dickson Prize in Medicine recognizes biomedical researchers conducting innovative, paradigm-shifting research across all disciplines within medicine and life sciences. The award targets researchers at productive career stages whose work demonstrates significant scientific impact and influence on the broader research community, with consideration given to mentoring, service, and contributions to supportive research environments. Nominees should be conducting cutting-edge research worthy of major recognition that will substantially advance knowledge in their field.",summarized
15,NAS Award in Chemical Sciences,National Academy of Sciences,Chemistry,Senior-level,"$15,000 + medal",September-December awards,TBD (nomination deadline not listed on current award page; check NAS awards calls for specific year),https://www.nasonline.org/award/nas-award-in-chemical-sciences/,"The NAS Award in Chemical Sciences, sponsored by the National Academy of Sciences, recognizes outstanding research contributions in chemistry and related chemical sciences. This award targets fundamental and applied research across traditional chemistry disciplines, including organic, inorganic, physical, analytical, and biochemistry, as well as interdisciplinary chemical research.",summarized_from_name
16,Eugene J. Van Scott Award for Innovative Therapy of the Skin and Phillip Frost Leadership Lecture,American Academy of Dermatology,Dermatology,Senior-level,"$25,000 + Plenary Lecture",September-December awards,Rolling Deadline (exact upcoming nomination deadline not listed on AAD awards page; deadline not yet posted for upcoming cycle),https://www.aad.org/member/career/awards,"This award recognizes innovative therapeutic approaches and leadership in dermatology research and clinical practice. It targets investigators developing novel treatments for skin diseases, advancing therapeutic techniques, and demonstrating exceptional leadership in advancing the field of dermatology. The award supports both basic and translational research that translates into improved patient care and outcomes in dermatological conditions.",summarized
17,Selman A. Waksman Award in Microbiology,National Academy of Sciences,Immunology & Microbiology,All stages,20000,September-December awards,TBD (nomination deadline not listed on current award page; check NAS awards calls for specific year),https://www.nasonline.org/award/selman-a-waksman-award-in-microbiology/,"The Selman A. Waksman Award recognizes major advances in microbiology, with particular emphasis on fundamental discoveries that expand understanding of microbial mechanisms and their broader biological significance. The award honors research spanning bacterial physiology, bacterial-viral interactions, antimicrobial mechanisms, computational genomics, and evolutionary connections between microbial and eukaryotic systems, including innate immunity.",summarized
18,NAS Award in Molecular Biology,National Academy of Sciences,"Genetics, Cell & Molecular Biology",Young investigator - no older than 50 (U.S. citizen),25000,September-December awards,TBD (nomination deadline not listed on current award page; check NAS awards calls for specific year),https://www.nasonline.org/award/nas-award-in-molecular-biology/,"This National Academy of Sciences award recognizes outstanding research contributions in molecular biology, encompassing genetics, cell biology, and molecular mechanisms of biological processes. The award targets researchers studying fundamental molecular phenomena including gene expression, protein function, cellular signaling, and genetic regulation across all organisms.",summarized_from_name
19,The Gruber Foundation Genetics Prize,The Gruber Foundation,"Genetics, Cell & Molecular Biology",Senior-level,"$500,000 + medal",September-December awards,TBD (nomination deadline not listed on current Genetics Prize page; deadline not yet posted for upcoming cycle),https://gruber.yale.edu/genetics,"The Gruber Foundation Genetics Prize recognizes groundbreaking contributions across all realms of genetics research, including original discoveries in genetic function, regulation, transmission, variation, and genomic organization. The prize honors fundamental insights that advance understanding of how genetic systems operate at molecular and cellular levels, with recent awards recognizing work on stress response mechanisms in eukaryotic cells and bacterial defense systems. This international prize targets leading scientists whose work provides transformative knowledge about genetic processes and their biological significance.",summarized
20,JBC Herbert Tabor Early Career Investigator Award,Journal of Biological Chemistry,"Genetics, Cell & Molecular Biology","Early-Career investigator (Pre-tenured faculty, students and postdocs)",All expenses paid trip to ASBMB annual meeting (no specific monetary amount listed on website),September-December awards,TBD (nomination timeline not clearly stated on current JBC/ASBMB materials; deadline not yet posted for upcoming cycle),https://www.jbc.org/tabor-awards,"This early career award from the Journal of Biological Chemistry recognizes outstanding research contributions in genetics, cell biology, and molecular biology. The award targets researchers in the early stages of their independent careers who are advancing fundamental knowledge in these disciplines through innovative investigations.",summarized_from_name
21,The Crafoord Prize in Polyarthritis,Royal Swedish Academy of Sciences,Polyarthritis (rheumatology-related research),Senior-level,SEK 6 million (as last stated for the polyarthritis prize; more recent general references mention SEK 8 million for the Crafoord Prize overall),September-December awards,TBD (deadline not listed on polyarthritis section or general nomination pages for upcoming cycle),https://www.crafoordprize.se/polyarthritis/,"The Crafoord Prize in Polyarthritis recognizes outstanding research on polyarthritis and related autoimmune joint diseases. The award targets fundamental and clinical research investigating the mechanisms of autoimmune disease, with emphasis on understanding pathways that prevent or promote inflammatory arthritis. Research areas include immunology, rheumatology, and molecular biology approaches to understanding polyarthritis etiology and progression.",summarized
22,AAI Meritorious Career Award,The American Association of Immunologists,Immunology,Mid-career scientist,5000,September-December awards,"September 10, 2025 (for 2026 award cycle; nominations accepted beginning August 1, 2025)",https://www.aai.org/Awards/Career/AAI-Meritorious-Career-Award,"The AAI Meritorious Career Award recognizes mid-career immunologists (10-20 years post-independence) for outstanding research contributions to immunology. This award targets scientists conducting innovative research across all areas of immunology, including basic, translational, and clinical immunology research. The award supports researchers who have demonstrated significant scientific impact and contributions to advancing the field of immunology through their independent research programs.",summarized
23,AAI-BD Biosciences Investigator Award,The American Association of Immunologists,Immunology,Early-career investigator (within 5–10 years of first independent position),5000,September-December awards,"September 10, 2025 (for 2026 award cycle; nominations accepted beginning August 1, 2025)",https://www.aai.org/Awards/Career/AAI-Investigator-Award,"The AAI-BD Biosciences Investigator Award recognizes early-career immunologists (5-10 years post-independence) who have made outstanding contributions to immunology research. This award supports investigators across all areas of immunological science, including basic immunology, translational research, and clinical immunology applications. The award provides recognition and support for presenting research findings at the AAI annual meeting.",summarized
24,James Prize in Science and Technology Integration,National Academy of Sciences,Science & Technology (integration of two or more disciplines),All career stages (often mid- to senior-level; not formally restricted by career stage),50000 (no explicit current amount statement found on NAS award page; amount retained from prior data – no current amount listed on website),September-December awards,TBD (no current nomination deadline listed on NAS award page for upcoming cycle; deadline not yet posted for upcoming cycle),https://www.nasonline.org/award/james-prize-in-science-and-technology-integration/,"The James Prize in Science and Technology Integration, sponsored by the National Academy of Sciences, recognizes research that meaningfully combines two or more scientific or technological disciplines. This award targets interdisciplinary work that bridges traditionally separate fields to advance scientific understanding or technological innovation.",summarized_from_name
25,John P. McGovern Compleat Physician Award,Houston Academy of Medicine and Harris County Medical Society,"Medical Practice (Oslerian ideals, humane and ethical care, medical humanities)",Senior-level,5000 (no current amount specified in recent nomination guidelines; amount retained from prior data – no current amount listed on website),September-December awards,TBD (current public guidelines PDF describes nomination process but does not state a fixed annual deadline; deadline not yet posted for upcoming cycle),https://www.hcms.org/tmaimis/HARRIS/About/About_Us.aspx,"This award recognizes physicians who exemplify Oslerian ideals of medical excellence, humane and ethical care, and integration of medical humanities with clinical practice and research. The award honors careers that bridge academic medicine and clinical practice, emphasizing commitment to writing, research, and the harmonious union of science, humanities, and the art of medicine. Recipients represent diverse medical specialties and demonstrate sustained dedication to both scholarly inquiry and compassionate patient care.",summarized
26,Fyssen Foundation International Prize,Fondation Fyssen,"Ethology, Psychology, Neurobiology, Anthropology, Ethnology, Human Paleontology and Archaeology",Senior-level,"100,000 euros",September-December awards,"November 7, 2025 (closing date for receipt of nomination files for the 2025 International Prize; next cycle not yet posted)",https://www.fondationfyssen.fr/en/our-actions/international-prize/,"The Fyssen Foundation International Prize recognizes distinguished research in ethology, psychology, neurobiology, anthropology, ethnology, human paleontology, and archaeology. The 2025 award specifically targets the neurobiological foundations of human cognition, seeking research that elucidates how the human brain's development, organization, and functional properties enable cognitive abilities and complex social interactions. The prize favors interdisciplinary approaches that combine multiple methodologies to advance understanding of what makes human cognition unique across the primate lineage.",summarized
27,John J. Carty Award for the Advancement of Science,National Academy of Sciences,"Multiple disciplines (any field within the NAS charter; biennial, field may vary)",Senior-level,"$25,000 + medal",September-December awards,TBD (NAS award page does not list the next nomination deadline; deadline not yet posted for upcoming cycle),https://www.nasonline.org/award/john-j-carty-award-for-the-advancement-of-science/,"The John J. Carty Award for the Advancement of Science is a biennial honor from the National Academy of Sciences recognizing exceptional scientific achievement across any discipline within the NAS charter. The award rotates among different fields of science and engineering, supporting researchers who have made significant contributions to advancing knowledge and understanding in their respective domains.",summarized_from_name
28,NAS Award for Scientific Discovery,National Academy of Sciences,"Astronomy, biochemistry, biophysics, chemistry, materials science, or physics (rotating fields in basic research)",Senior-level,"$50,000 for recipient and $50,000 for recipient's research + Medal",September-December awards,TBD (NAS award page describes the award but does not list the next nomination deadline; deadline not yet posted for upcoming cycle),https://www.nasonline.org/award/nas-award-for-scientific-discovery/,"The NAS Award for Scientific Discovery recognizes outstanding research contributions in rotating fields of basic science, including astronomy, biochemistry, biophysics, chemistry, materials science, and physics. The award targets fundamental discoveries that advance knowledge in these core scientific disciplines and demonstrate significant scientific impact.",summarized_from_name
29,Pradel Research Award,National Academy of Sciences,Neuroscience,Mid-career neuroscientist,"50000 (presented as a $50,000 research award designated to an institution of the recipient’s choice to support neuroscience research)",September-December awards,TBD (NAS award page does not list the next nomination deadline; deadline not yet posted for upcoming cycle),https://www.nasonline.org/award/pradel-research-award/,"The Pradel Research Award, sponsored by the National Academy of Sciences, supports neuroscience research across the discipline. The award targets investigators conducting fundamental or applied research in neuroscience, potentially including areas such as neurobiology, cognitive neuroscience, or neural mechanisms of behavior.",summarized_from_name
30,"The Potamkin Prize for Research in Pick's, Alzheimer's, and Related Diseases",American Academy of Neurology and American Brain Foundation (supported by the Potamkin Family),"Neuroscience & Neurology (dementia, including Pick's disease, Alzheimer's disease, and related disorders)",All stages,100000 (no explicit current amount stated on AAN or Potamkin Prize site; amount retained from prior data – no current amount listed on website),September-December awards,TBD (current AAN/American Brain Foundation materials describe the prize but do not list a nomination deadline for the upcoming cycle; deadline not yet posted for upcoming cycle),https://www.aan.com/research/potamkin-prize-research-picks-alzheimers-related-diseases,"The Potamkin Prize recognizes major research contributions to understanding the causes, prevention, treatment, and cure of Pick's disease, Alzheimer's disease, and related neurodegenerative disorders. The award targets researchers across biological disciplines including neurology, neuropathology, biochemistry, molecular biology, molecular genetics, pharmacology, immunology, and cell biology who demonstrate innovative approaches and significant impact in dementia research. Applicants should present evidence of scientific excellence, novel methodologies, and potential to advance the field's understanding of these progressive neurological diseases.",summarized
31,Edward M. Scolnick Prize in Neuroscience,McGovern Institute for Brain Research at MIT,Neuroscience,All stages,225000,September-December awards,"December 15, 2026 (2027 prize nomination deadline)",https://mcgovern.mit.edu/events/edward-m-scolnick-prize-in-neuroscience/,"The Edward M. Scolnick Prize recognizes outstanding advances across all neuroscience disciplines, including brain imaging, cellular and molecular neuroscience, cognitive neuroscience, computational neuroscience, genome engineering, neurotechnology, and systems neuroscience. The award particularly values research addressing major neurological and psychiatric disorders such as Alzheimer's disease, Parkinson's disease, autism spectrum disorder, schizophrenia, depression, and other brain disorders. Research demonstrating innovative methodological approaches, novel tools, or fundamental insights into neural circuit function and brain organization are prioritized for recognition.",summarized
32,The Gruber Foundation Neuroscience Prize,The Gruber Foundation,Neuroscience,All stages,500000,September-December awards,"December 15, 2025 (nominations for the 2026 Neuroscience Prize close on this date)",https://gruber.yale.edu/neuroscience,"The Gruber Foundation Neuroscience Prize recognizes major discoveries that advance understanding of the nervous system and brain function. The award honors research across neuroscience disciplines, including developmental neurobiology, neural encoding, and systems-level brain mechanisms. Recent recipients have been recognized for work on forebrain development and speech encoding in the human brain, reflecting the prize's focus on fundamental discoveries with broad implications for neuroscience.",summarized
33,NAS Award in the Neurosciences,National Academy of Sciences,Neuroscience,All stages,25000,September-December awards,"next offer 2028 (triennial award; next call not yet posted on website, deadline not yet posted for 2028 cycle)",https://www.nasonline.org/award/nas-award-in-the-neurosciences/,"The NAS Award in the Neurosciences recognizes outstanding research contributions to the field of neuroscience. This award targets researchers working across neuroscience disciplines, including molecular, cellular, systems, cognitive, and behavioral neuroscience, as well as related areas investigating the nervous system and brain function.",summarized_from_name
34,John Dystel Prize for Multiple Sclerosis Research,National Multiple Sclerosis Society and the American Academy of Neurology (AAN),Neuroscience & Neurology,All stages,40000,September-December awards,"October 21, 2025 (applications close at 11:59 p.m. CT for the 2026 prize cycle)",https://www.aan.com/research/john-dystel-prize-for-multiple-sclerosis-research,"The John Dystel Prize recognizes outstanding research contributions that have advanced understanding, prevention, treatment, or cure of multiple sclerosis (MS). The award targets both basic and clinical research directly related to MS pathophysiology, immunology, and therapeutic development, with preference for recent, innovative work with demonstrated impact on the field rather than lifetime achievement. While advances in other central nervous system inflammatory diseases may be considered, they must directly contribute to MS knowledge.",summarized
35,Gale and Ira Drukier Prize in Children’s Health Research,Gale and Ira Drukier Institute for Children’s Health at Weill Cornell Medicine,Pediatrics / Children’s health research,Early-career pediatrician / early-career investigator,10000,September-December awards,TBD (deadline not yet posted for upcoming cycle; past calls have used a November 1 deadline),(website not available),"This prize recognizes outstanding research advancing children's health and pediatric medicine. It targets investigators conducting innovative research in pediatric diseases, child development, and treatments that improve health outcomes for infants, children, and adolescents. The award supports work across pediatric disciplines, from basic science to clinical research focused on childhood health conditions.",summarized_from_name
36,Troland Research Award,National Academy of Sciences,Psychology,Early-career investigator (preferably 45 years of age or younger),75000,September-December awards,"October 5, 2026 (NAS awards nomination deadline; used for the 2026 award cycle, future specific Troland deadlines not separately listed)",https://www.nasonline.org/award/troland-research-award/,"The Troland Research Award recognizes exceptional early-career researchers conducting empirical research across experimental psychology. The award supports diverse research areas including moral cognition, decision-making, cognitive neuroscience, learning mechanisms, and educational psychology, with emphasis on rigorous empirical methods such as neuroimaging, psychophysical studies, and controlled behavioral experiments that advance fundamental understanding of psychological and neural processes.",summarized
37,Atkinson Prize in Psychological and Cognitive Sciences,National Academy of Sciences,Psychological and Cognitive Sciences,All stages,100000,September-December awards,"October 5, 2026 (NAS awards nomination deadline; specific Atkinson Prize call for the next biennial cycle not yet posted, deadline not yet posted for upcoming cycle)",https://www.nasonline.org/award/atkinson-prize-in-psychological-and-cognitive-sciences/,"The Atkinson Prize recognizes outstanding research contributions in psychological and cognitive sciences. The award targets investigators conducting innovative work in areas such as cognition, perception, learning, memory, decision-making, and related psychological phenomena that advance fundamental understanding of human and animal behavior and mental processes.",summarized_from_name
38,Jefferson Science Fellowships,"National Academies of Sciences, Engineering, and Medicine (Jefferson Science Fellowships Program)",Public Policy (including Public Health & Policy),"Tenured or similarly ranked faculty (or equivalent senior professionals, depending on track)","Fellowship (12-month assignment at U.S. Department of State or USAID; stipend and support provided, specific amount not listed on main program page)",September-December awards,"Late October (general application deadline window; exact deadline for upcoming competition not yet posted on main website, deadline not yet posted for upcoming cycle)",https://www.nationalacademies.org/our-work/jefferson-science-fellowships,"The Jefferson Science Fellowships program embeds tenured U.S. faculty researchers at the U.S. Department of State for one-year immersive fellowships to contribute their technical expertise to foreign policy and international development initiatives. The program welcomes researchers across all scientific disciplines—including public health, environmental science, agriculture, engineering, infectious disease, and governance—who can apply their research to policy formulation and implementation in global contexts. Fellows gain direct experience in diplomatic operations and policy processes while advising on issues ranging from climate change and food security to disease prevention and sustainable infrastructure.",summarized
39,The Commonwealth Fund Fellowship in Health Policy Leadership at Harvard University,"Harvard University (Harvard Medical School, Harvard T.H. Chan School of Public Health, Harvard Kennedy School) in partnership with The Commonwealth Fund",Public Health & Health Policy,Mid-career and early-career physicians (licensed physicians with prior clinical training),"Fellowship (each fellowship provides an $80,000 stipend, full tuition, individual health insurance, books, travel, and related program expenses)",September-December awards,"December 1, 2025 (Commonwealth Fund Fellowship application deadline for the 2026–2027 fellowship year)",https://cff.hms.harvard.edu/about,"This fellowship supports early-career professionals pursuing advanced training in health policy leadership and research at Harvard University's schools of medicine, public health, and government. The program targets individuals interested in developing expertise in health policy analysis, health systems reform, and evidence-based policy solutions to improve population health outcomes.",summarized_from_name
40,NAS Public Welfare Medal,National Academy of Sciences,Science and Public Welfare / Public Policy,All stages,Medal (no cash amount specified on website),September-December awards,"October 5, 2026 (NAS awards nomination deadline; specific Public Welfare Medal nomination deadline for upcoming cycle not listed separately, deadline not yet posted for later cycles beyond 2026)",https://www.nasonline.org/award/nas-public-welfare-medal/,"The NAS Public Welfare Medal recognizes exceptional scientific achievement that has profoundly benefited the public welfare and quality of life. This award honors researchers and scientists across all disciplines whose work has demonstrated significant impact on public health, environmental protection, national security, or other areas of broad societal benefit through the application of scientific knowledge.",summarized_from_name
41,Vannevar Bush Award,"National Science Board, U.S. National Science Foundation",Science & Technology,Senior-level,Medal,September-December awards,Nominations are closed for the 2025 Vannevar Bush Award (deadline for next cycle not yet posted for upcoming cycle),https://www.nsf.gov/nsb/vannevar-bush-award,"The Vannevar Bush Award honors exceptional lifelong leaders who have made distinguished contributions to science and technology through advancing knowledge frontiers, providing public service to enhance the nation's science and technology ecosystem, or delivering societal benefits through STEM disciplines. The award recognizes individuals whose work spans diverse fields including computer architecture, physics, mathematics, defense technologies, and research leadership, with emphasis on those who have shaped both academic and corporate innovation while serving the nation's scientific priorities.",summarized
42,NSB Science and Society Award,"National Science Board, U.S. National Science Foundation",Science & Technology / Public Understanding of Science,All stages,Medal,September-December awards,Nominations are closed for the 2025 Science and Society Award (deadline for next cycle not yet posted for upcoming cycle),https://www.nsf.gov/nsb/science-society-award,"The NSB Science and Society Award recognizes individuals and groups who have made substantial contributions to increasing public understanding and appreciation of science and engineering through arts, media, education, and training programs. The award targets research and activities that enhance public engagement with science and technology, inspire scientists and engineers to work with diverse communities, and foster diversity in STEM fields. Selection criteria emphasize demonstrated leadership in public outreach, community engagement across all ages, and efforts to broaden participation in science and engineering.",summarized
43,John H. Laragh Research Award,American Journal of Hypertension,Cardiovascular / Hypertension Research,Early-career-under 45 years of age,10000,September-December awards,TBD (deadline not specified on website for current cycle),https://academic.oup.com/ajh/pages/john_laragh_research_award,"This award recognizes outstanding research contributions in hypertension and cardiovascular disease, sponsored by a leading peer-reviewed journal in the field. It targets investigators conducting innovative studies on blood pressure regulation, hypertension mechanisms, and cardiovascular outcomes related to hypertensive disease.",summarized_from_name
44,Master of the American College of Cardiology (MACC) designation,American College of Cardiology,Cardiovascular,Senior-level,Unknown (no monetary award specified on website),September-December awards,Annual nomination process; specific deadline varies by year and is not specified on the MACC designation webpage (deadline not specified on website),https://www.acc.org/Membership/Join-Us/Benefits/Award-Programs/Master-of-the-American-College-of-Cardiology-Designation,"The Master of the American College of Cardiology (MACC) designation recognizes excellence and leadership in cardiovascular medicine across diverse clinical and research areas. The designation encompasses expertise in multiple cardiovascular disciplines including acute coronary syndromes, arrhythmias, heart failure, valvular disease, cardio-oncology, congenital heart disease, invasive and noninvasive imaging, pulmonary hypertension, and vascular medicine. This professional recognition is designed for cardiologists and cardiovascular specialists who demonstrate advanced knowledge, clinical competency, and commitment to advancing cardiovascular care and research.",summarized
45,Richard N. Merkin Prize in Biomedical Technology,Broad Institute of MIT and Harvard,Biomedical Technology / Science & Technology,All stages,400000,September-December awards,Typically in early September–October; specific upcoming nomination deadline is not stated on the prize website (deadline not yet posted for upcoming cycle),https://merkinprize.org/about-the-prize,"The Richard N. Merkin Prize recognizes pathbreaking biomedical technologies that demonstrate real-world impact on human health. The award celebrates novel technological innovations across multiple disciplines that are actively transforming healthcare, honoring key contributors—individuals and teams globally—who have developed these advances. The prize emphasizes technologies with proven clinical or practical applications rather than theoretical research alone.",summarized
46,JEM Early Career Travel Award for Cytokines 2025: 13th Annual Meeting of the International Cytokine & Interferon Society,Journal of Experimental Medicine (Rockefeller University Press),Immunology & Microbiology,Early-career,1000,September-December awards,TBD (application deadline for the Cytokines 2025 travel award is not specified on the JEM award webpage or linked materials),https://rupress.org/jem/pages/early-career-travel-award,"This early career travel award supports researchers in the early stages of their careers to attend the 13th Annual Meeting of the International Cytokine & Interferon Society. The award targets research in cytokine biology, interferon signaling, and related immunological mechanisms that are central to understanding immune responses and inflammation.",summarized_from_name
47,Robert Koch Award,Robert Koch Foundation,Infectious Disease Research / Basic Medical Research,All stages,120000 euros,September-December awards,2026-09-30 00:00:00,https://www.robert-koch-stiftung.de/en/awards/robert-koch-award,"The Robert Koch Award recognizes outstanding international scientific achievements in infectious disease research and immunology. The award targets researchers studying fundamental immune mechanisms, including regulatory T cells, vaccine development, therapeutic antibodies, microbiome-immune interactions, and autoimmune disease pathogenesis. Research areas span basic immunological discovery, translational vaccine technology, and clinical applications for treating infectious diseases, autoimmune conditions, and cancer.",summarized
48,Robert Koch Gold Medal,Robert Koch Foundation,Infectious Disease Research / Microbiology,Senior-level,Gold Medal,September-December awards,TBD (nomination deadline is not specified on website),https://www.robert-koch-stiftung.de/en/awards/robert-koch-gold-medal,"The Robert Koch Gold Medal recognizes outstanding lifetime achievements in infectious disease research and microbiology. The award honors scientists who have made seminal contributions to understanding infection biology, bacterial resistance mechanisms, host-microbe interactions, and the development of novel therapeutic compounds. Research areas include bacterial pathogenesis, antibiotic resistance, microbiome studies, chemical synthesis of antimicrobial agents, and the molecular basis of infectious diseases.",summarized
49,2026 ASCI / Bruce F. Scharschmidt & Peggy S. Crawford Translational Medicine Distinguished Lectureship and Award,American Society for Clinical Investigation,Medical Practice / Translational Medicine,All stages (MD or equivalent; excludes current ASCI Council members),20000,September-December awards,2025-10-15 23:59:00,https://beta.the-asci.org/news/awards/scharschmidtcrawford-award/nominations-open-for-the-2026-asci-scharschmidtcrawford-distinguished-lectureship-and-award/,"This award recognizes physician-scientists who have made significant contributions to developing high-impact diagnostics or therapeutics that directly benefit patients. The award targets translational medicine research that bridges basic science discoveries and clinical applications, emphasizing work that has successfully moved from laboratory to patient care. Eligible nominees must hold an MD or equivalent degree and demonstrate a track record of translating research into tangible medical innovations.",summarized
50,Szent-Györgyi Prize for Progress in Cancer Research,National Foundation for Cancer Research,Cancer Research,All stages,30000,January-August awards,2026-02-28 00:00:00,https://www.nfcr.org/research-scientists/szent-gyorgyi-prize-for-progress-for-cancer-research/,"The Szent-Györgyi Prize for Progress in Cancer Research honors scientists who have made seminal discoveries that transform scientific understanding of cancer and directly or indirectly impact clinical practice and public health. The award recognizes pioneering basic cancer research that accelerates translation of discoveries into new cancer treatments, celebrating breakthroughs across all cancer research disciplines that demonstrate innovation and potential to save lives.",summarized
51,ASCI PSSF Fellowship,American Society for Clinical Investigation,Medical Education,Trainee,50000,January-August awards,2026-01-05 00:00:00,https://beta.the-asci.org/news/nominations/nominations-open-for-the-2026-2027-asci-pssf-fellowship/,"The ASCI PSSF Fellowship supports MD-only medical students in conducting a 12-month immersive research experience in basic, translational, or applied biomedical research under mentored supervision. The program evaluates applicants based on the scientific rigor and feasibility of their proposed research projects, the strength of their commitment to physician-scientist training, and the quality of mentorship and institutional research support. This fellowship aims to develop the next generation of physician-scientists by providing structured research training and professional development opportunities across all biomedical disciplines.",summarized
52,Lewis S. Rosenstiel Award for Distinguished Work in Basic Medical Research,Brandeis University,Biomedical Research,All stages,30000,January-August awards,TBD (deadline not yet posted for upcoming cycle),https://www.brandeis.edu/rosenstiel/rosenstielaward/index.html,"The Lewis S. Rosenstiel Award recognizes distinguished scientists for recent discoveries of particular originality and importance to basic medical research. The award targets fundamental research across biomedical disciplines that advances understanding of biological mechanisms relevant to medicine, including areas such as genome organization, gene expression, and other foundational medical sciences. Scientists are selected annually by a panel of Boston-area experts based on the significance and originality of their contributions to basic science.",summarized
53,AACR-St. Baldrick’s Foundation Award for Outstanding Achievement in Pediatric Cancer Research,American Association for Cancer Research,Cancer Research,Senior-level,Unknown (no current amount listed on website),January-August awards,2026-06-30 00:00:00 (deadline confirmed on website),https://www.aacr.org/awards/aacr-st-baldricks-foundation-award-for-outstanding-achievement-in-pediatric-cancer-research/,"This award recognizes outstanding research achievements in pediatric cancer, supporting investigators who advance understanding of childhood malignancies through basic, translational, or clinical research. The award targets work across all pediatric cancer types and research approaches, including cancer biology, immunology, therapeutics development, and clinical investigation aimed at improving outcomes for children with cancer.",summarized
54,AACR Award for Outstanding Achievement in Blood Cancer Research,American Association for Cancer Research,Cancer Research,Senior-level,Unknown (no current amount listed on website),January-August awards,2026-06-30 00:00:00 (deadline confirmed on website),https://www.aacr.org/awards/aacr-award-for-outstanding-achievement-in-blood-cancer-research/,"This award recognizes outstanding research achievements in blood cancer (hematologic malignancies), including leukemias, lymphomas, and related disorders. The award targets investigators conducting basic, translational, or clinical research that advances understanding of blood cancer biology, treatment, or prevention. Research areas may include cancer immunology, molecular mechanisms of hematologic malignancies, therapeutic development, and clinical outcomes in blood cancer patients.",summarized
55,AACR-Daniel D. Von Hoff Award for Outstanding Contributions to Education and Training in Cancer Research,American Association for Cancer Research,Cancer Research,Senior-level,Unknown (no current amount listed on website),January-August awards,2026-06-30 00:00:00 (deadline confirmed on website),https://www.aacr.org/awards/aacr-daniel-von-hoff-award-aacr-scientific-awards/,"This award recognizes outstanding contributions to education and training in cancer research, honoring individuals who have made significant impacts on developing the next generation of cancer researchers and advancing the field through educational initiatives. The award targets researchers and educators across all cancer research disciplines who have demonstrated excellence in mentoring, curriculum development, educational program leadership, or other contributions that strengthen cancer research training and workforce development.",summarized
56,AACR-St. Baldrick’s Foundation Award for Outstanding Achievement in Pediatric Cancer Research,American Association for Cancer Research,Cancer Research,Senior-level,Unknown (no current amount listed on website),January-August awards,2026-06-30 00:00:00 (deadline confirmed on website),https://www.aacr.org/awards/aacr-st-baldricks-foundation-award-for-outstanding-achievement-in-pediatric-cancer-research/,"This award recognizes outstanding research achievements in pediatric cancer, supporting investigators who advance understanding of childhood malignancies through basic, translational, or clinical research. The award targets work across all pediatric cancer types and research approaches, including cancer biology, immunology, therapeutics development, and clinical investigation aimed at improving outcomes for children with cancer.",summarized
57,AACR James S. Ewing-Thelma B. Dunn Award for Outstanding Achievement in Pathology in Cancer Research,American Association for Cancer Research,Cancer Research,Senior-level,Unknown (no current amount listed on website),January-August awards,2026-06-30 00:00:00 (deadline confirmed on website),https://www.aacr.org/awards/aacr-james-s-ewing-thelma-b-dunn-award-for-outstanding-achievement-in-pathology-in-cancer-research/,"This award recognizes outstanding achievements in pathology research applied to cancer. It targets investigators whose work advances understanding of cancer through pathological methods, including tissue analysis, diagnostic pathology, tumor characterization, and pathology-informed translational research that bridges basic science and clinical oncology.",summarized
58,AACR Award for Outstanding Achievement in Basic Cancer Research,American Association for Cancer Research,Cancer Research,Early-career,Unknown (no current amount listed on website),January-August awards,2026-06-30 00:00:00 (deadline confirmed on website),https://www.aacr.org/awards/aacr-award-for-outstanding-achievement-in-basic-cancer-research/,"This award recognizes exceptional contributions to fundamental cancer research that advance understanding of cancer biology, mechanisms, and processes. The award targets investigators conducting basic science research across diverse cancer types and research areas including cancer evolution, immunology, prevention, molecular biology, tumor microenvironment, and related disciplines that provide foundational knowledge for cancer therapeutics and clinical applications.",summarized
59,AACR Award for Outstanding Achievement in Chemistry in Cancer Research,American Association for Cancer Research,Cancer Research,Senior-level,unknown (no current amount listed on website),January-August awards,2026-06-30 00:00:00 (deadline confirmed on website),https://www.aacr.org/awards/aacr-award-for-outstanding-achievement-in-chemistry-in-cancer-research/,"This award recognizes outstanding achievements in chemical research applied to cancer biology and therapeutics. It targets investigators who employ chemistry-based approaches—including synthetic chemistry, chemical biology, medicinal chemistry, and biochemistry—to advance understanding of cancer mechanisms or develop novel cancer treatments. The award celebrates innovative chemical methodologies and discoveries that have significant impact on cancer research and drug development.",summarized
60,AACR-Joseph H. Burchenal Award for Outstanding Achievement in Clinical Cancer Research,American Association for Cancer Research,Cancer Research,Senior-level,unknown (no current amount listed on website),January-August awards,2026-06-30 00:00:00 (deadline confirmed on website),https://www.aacr.org/awards/aacr-joseph-h-burchenal-award-for-outstanding-achievement-in-clinical-cancer-research/,"This award recognizes outstanding clinical cancer research achievements, honoring investigators who have made significant contributions to advancing cancer treatment and patient outcomes through clinical investigation. The award targets researchers conducting translational and clinical studies that bridge laboratory discoveries with direct patient care, including clinical trials, therapeutic development, and evidence-based oncology practice across all cancer types.",summarized
61,AACR-Minorities in Cancer Research Jane Cooke Wright Lectureship,American Association for Cancer Research,Cancer Research (with emphasis on advancing minority investigators in cancer research),Senior-level,unknown (no current amount listed on website),January-August awards,2026-06-30 00:00:00,https://www.aacr.org/awards/aacr-minorities-in-cancer-research-jane-cooke-wright-lectureship/,"This lectureship recognizes and honors outstanding cancer researchers from underrepresented minority backgrounds who have made significant contributions to cancer research. The award celebrates investigators conducting research across all cancer biology and oncology disciplines, with particular emphasis on advancing diversity and inclusion within the cancer research community and supporting the career development of minority scientists in academic and research settings.",summarized
62,AACR-Women in Cancer Research Charlotte Friend Lectureship,American Association for Cancer Research,Cancer Research (with emphasis on women in cancer research),Senior-level,Unknown (no current amount listed on website),January-August awards,2026-06-30 00:00:00,https://www.aacr.org/awards/aacr-women-in-cancer-research-charlotte-friend-lectureship/,"This lectureship honors outstanding women cancer researchers and recognizes significant contributions to cancer research across all disciplines and cancer types. The award celebrates scientific achievement in cancer biology, oncology, translational research, and related fields, with particular emphasis on advancing women's leadership and visibility in cancer science. Recipients are recognized for their research excellence and impact on the field of cancer research.",summarized
63,AACR-Cancer Research Institute Lloyd J. Old Award in Cancer Immunology,American Association for Cancer Research,Cancer Immunology,Senior-level,10000 (no current amount listed on website),January-August awards,2026-06-30 00:00:00,https://www.aacr.org/awards/aacr-cancer-research-institute-lloyd-j-old-award-in-cancer-immunology/,"This award recognizes outstanding research in cancer immunology that advances understanding of immune mechanisms in cancer biology and therapy. The award supports innovative investigations into immune cell function, immunotherapy approaches, tumor microenvironment interactions, and strategies to enhance anti-tumor immune responses across cancer types.",summarized
64,AACR-American Cancer Society Award for Research Excellence in Cancer Epidemiology and Prevention,American Association for Cancer Research,"Cancer epidemiology, biomarkers, and prevention",Senior-level,unknown (no current amount listed on website),January-August awards,2026-06-30 00:00:00,https://www.aacr.org/awards/aacr-american-cancer-society-award-for-research-excellence-in-cancer-epidemiology-and-prevention/,"This award recognizes research excellence in cancer epidemiology and prevention, supporting investigators who study the causes, risk factors, and biomarkers of cancer development and progression. The award targets research that identifies modifiable and non-modifiable risk factors, develops and validates biomarkers for cancer risk stratification and early detection, and tests prevention strategies across diverse populations. Research areas include population-based studies, molecular epidemiology, environmental and lifestyle factors, genetic susceptibility, and translational prevention science.",summarized
65,AACR Award for Lifetime Achievement in Cancer Research,American Association for Cancer Research,Cancer Research,Senior-level,unknown (no current amount listed on website),January-August awards,2026-06-30 00:00:00,https://www.aacr.org/awards/aacr-award-for-lifetime-achievement-in-cancer-research/,"This lifetime achievement award recognizes exceptional and sustained contributions to cancer research across all disciplines and methodologies. The award honors researchers who have made transformative discoveries in any area of cancer science, including basic research, translational science, clinical oncology, cancer prevention, cancer immunology, and related fields that have significantly advanced the understanding and treatment of cancer.",summarized
66,AACR-G.H.A. Clowes Award for Outstanding Basic Cancer Research,American Association for Cancer Research,Basic Cancer Research,Senior-level,unknown (no current amount listed on website),January-August awards,2026-06-30 00:00:00,https://www.aacr.org/awards/aacr-g-h-a-clowes-award/,"The AACR-G.H.A. Clowes Award recognizes outstanding basic cancer research that advances fundamental understanding of cancer biology and mechanisms. This award targets investigators conducting innovative laboratory-based research across all cancer types and disciplines, including cancer evolution, immunology, molecular biology, tumor microenvironment, and cellular/molecular mechanisms of malignancy. The award supports discovery-oriented science that provides foundational knowledge to inform future cancer prevention, diagnosis, and treatment strategies.",summarized
67,Fondation ARC Léopold Griffuel Award,Fondation ARC pour la Recherche sur le Cancer,Cancer Research,All stages,"200,000 euros (no current amount listed on website)",,TBD (deadline not yet posted for upcoming cycle; website not loading correctly),https://www.fondation-arc.org/projets/54th-fondation-arc-leopold-griffuel-award (website not fully accessible at time of check),"The Fondation ARC Léopold Griffuel Award supports cancer research through the Fondation ARC pour la Recherche sur le Cancer, a French foundation dedicated to advancing oncology research. The award targets fundamental and translational cancer research across multiple disciplines and cancer types, aiming to fund innovative investigations that contribute to understanding and combating cancer.",summarized_from_name
68,AACR Margaret Foti Award for Leadership and Extraordinary Achievements in Cancer Research,American Association for Cancer Research,Cancer Research Leadership,Senior-level,unknown (no current amount listed on website),January-August awards,2026-06-30 00:00:00,https://www.aacr.org/awards/aacr-margaret-foti-award-for-leadership-and-extraordinary-achievements-in-cancer-research/,"The AACR Margaret Foti Award recognizes exceptional leadership and extraordinary scientific achievements in cancer research across all disciplines and cancer types. This award honors researchers who have made significant contributions to advancing the field of cancer science through innovative research, mentorship, and professional leadership within the cancer research community.",summarized
69,AACR-Princess Takamatsu Memorial Lectureship,American Association for Cancer Research,Cancer Research,Senior-level,unknown (no current amount listed on website),January-August awards,2026-06-30 00:00:00,https://www.aacr.org/awards/aacr-princess-takamatsu-memorial-lectureship/,"The AACR-Princess Takamatsu Memorial Lectureship recognizes outstanding scientists who have made significant contributions to cancer research across diverse disciplines including cancer biology, immunology, prevention, therapeutics, and clinical oncology. This lectureship honors researchers whose work advances fundamental understanding of cancer mechanisms or translates discoveries into improved patient outcomes, spanning basic science, translational research, and clinical applications.",summarized
70,AACR Team Science Award,American Association for Cancer Research,"Cancer Research (team-based, interdisciplinary research)",Senior-level (team leaders and members),unknown (no current amount listed on website),January-August awards,2026-06-30 00:00:00,https://www.aacr.org/awards/aacr-team-science-award/,"The AACR Team Science Award supports interdisciplinary, collaborative cancer research that brings together investigators from diverse scientific disciplines and backgrounds to address complex cancer biology and treatment challenges. The award emphasizes team-based approaches that integrate multiple research perspectives—such as basic science, clinical oncology, biostatistics, molecular imaging, and translational research—to advance cancer prevention, detection, and therapeutic development across all cancer types.",summarized
71,AACR-Waun Ki Hong Award for Outstanding Achievement in Translational and Clinical Cancer Research,American Association for Cancer Research,Cancer Research (translational and clinical cancer research),Early- to mid-career (must be younger than 51 at time of award presentation),unknown (no current amount listed on website),January-August awards,2026-06-30 00:00:00 (deadline not yet posted for upcoming cycle; date retained from prior cycle),https://www.aacr.org/awards/aacr-waun-ki-hong-award-for-outstanding-achievement-in-translational-and-clinical-cancer-research/,"This award recognizes outstanding achievements in translational and clinical cancer research that bridges laboratory discoveries with patient care applications. It targets researchers who demonstrate excellence in moving basic science findings toward clinical implementation, including drug development, clinical trial design, therapeutic innovation, and evidence-based treatment approaches across all cancer types.",summarized
72,Barancik Prize for Innovation in MS Research,National Multiple Sclerosis Society,Neuroscience & Neurology (multiple sclerosis research),Early to middle-career – typically no more than 20 years of experience as an independent investigator,125000,January-August awards,2025-08-11 00:00:00 (2026 deadline not yet posted for upcoming cycle),https://www.nationalmssociety.org/for-professionals/for-researchers/research-funding-opportunities/awards-prizes/barancik,"The Barancik Prize for Innovation in MS Research supports innovative research advancing the understanding and treatment of multiple sclerosis. The award targets neuroscience and neurology research that explores MS pathophysiology, disease mechanisms, and novel therapeutic approaches. Research may encompass immunology, neuroinflammation, biomarkers, disease progression, and translational studies aimed at improving MS patient outcomes.",summarized
73,Lefoulon-Delalande Scientific Grand Prize,Fondation Lefoulon-Delalande – Institut de France,Cardiovascular (cardiovascular biomedical research),Middle to senior-level (researcher with major contributions in cardiovascular research),€600000,January-August awards,2026-01-19 00:00:00,https://www.fondation-lefoulon-delalande.fr/en/scientific-grand-prize/,"The Lefoulon-Delalande Scientific Grand Prize recognizes outstanding scientists who have made major contributions to cardiovascular research across a broad spectrum of disciplines including genetics, epidemiology, physiology, clinical practice, imaging, therapeutics, pharmacology, and cardiovascular system development. The award targets fundamental and translational cardiovascular research that advances understanding of heart disease, arrhythmias, vascular biology, cholesterol metabolism, and innovative clinical interventions. Research areas of interest span from molecular mechanisms of cardiovascular disease to population-level epidemiological studies and cutting-edge therapeutic approaches.",summarized
74,Robert Wood Johnson Foundation David E. Rogers Award,Association of American Medical Colleges (AAMC),Public Health & Policy (public health and health care improvement),Senior-level (faculty member at an AAMC-member medical school with major contributions to public health/health care),10000,January-August awards,2026-01-23 00:00:00 (deadline not yet posted for upcoming cycle; date retained from prior cycle),https://www.aamc.org/about-us/aamc-awards/rogers,"The David E. Rogers Award recognizes exceptional individuals who have demonstrated outstanding leadership and commitment to improving health and healthcare through public health practice, policy, or health care delivery innovation. The award targets researchers and practitioners working at the intersection of medicine, public health, and health policy who have made significant contributions to advancing health equity, healthcare access, or population health outcomes. Eligible candidates typically work in academic medicine, public health institutions, or healthcare systems and have shown sustained dedication to translating research and evidence into meaningful improvements in health and healthcare systems.",summarized
75,AAMC Award for Excellence in Medical Education,Association of American Medical Colleges (AAMC),Medical Education,Senior-level (individuals or teams of two faculty members with national impact on medical education),10000,January-August awards,2026-01-23 00:00:00 (deadline not yet posted for upcoming cycle; date retained from prior cycle),https://www.aamc.org/about-us/aamc-awards/excellence,"This award recognizes outstanding contributions to medical education innovation, teaching excellence, and educational leadership within academic medicine. It targets faculty and educators who demonstrate significant impact on medical student learning, curriculum development, or institutional educational advancement. The award encompasses diverse approaches to medical education including pedagogical innovation, mentorship, educational research, and systemic improvements in medical training programs.",summarized
76,Award for Distinguished Research in the Biomedical Sciences,Association of American Medical Colleges (AAMC),Biomedical Research (basic or translational biomedical sciences),Senior-level (individual or team of two individuals for outstanding basic or translational research),10000 (no explicit current amount listed on AAMC award page; amount retained from prior cycle),January-August awards,2026-01-23 00:00:00 (deadline not yet posted for upcoming cycle; date retained from prior cycle),https://www.aamc.org/about-us/aamc-awards/distinguished-research,"This award recognizes distinguished research contributions in basic or translational biomedical sciences. It targets investigators conducting innovative research that advances fundamental understanding of biological processes or translates discoveries toward clinical applications. The award supports work across the full spectrum of biomedical disciplines, from molecular and cellular biology to organ systems and disease mechanisms.",summarized
77,The Welch Award in Chemistry,The Welch Foundation,Chemistry,Senior-level (individual contributing significantly to basic chemical research),500000,January-August awards,TBD (deadline not yet posted for upcoming cycle),https://welch1.org/awards/welch-award-in-chemistry/welch-award-guidelines,"The Welch Award in Chemistry recognizes outstanding contributions to basic chemical research that have significantly benefited humankind. The award targets chemists across all subdisciplines whose research has demonstrated substantial positive impact on human understanding and welfare. Nominations are evaluated based on the nominee's body of work, publication record, and the broader influence of their chemical research contributions on science and society.",summarized
78,Bressler Prize in Vision Science,Lighthouse Guild,Vision (vision science and vision-related research),Senior-level (established vision clinicians or scientists),25000 (no current amount listed on website; amount retained from prior cycle),January-August awards,TBD (deadline not yet posted for upcoming cycle),https://lighthouseguild.org/research/vision-science-awards/bressler-prize-in-vision-science/,"The Bressler Prize in Vision Science recognizes research that translates medical or scientific knowledge into significant clinical advancements in treating or rehabilitating people with vision loss. The award targets vision science research across all disciplines and methodologies that demonstrate direct impact on improving outcomes for visually impaired individuals, from basic science discoveries to applied rehabilitation innovations.",summarized
79,Pisart Award in Technological Innovation,Lighthouse Guild,Vision (technological innovation improving the lives of people with vision loss),"Senior-level (individual, group, or organization with significant technological innovations improving lives of people with vision loss)",25000 (no current amount listed on website; amount retained from prior cycle),January-August awards,TBD (deadline not yet posted for upcoming cycle),https://lighthouseguild.org/research/vision-science-awards/pisart-award-in-vision-science/,"The Pisart Award in Technological Innovation recognizes individuals, groups, or organizations whose technological innovations significantly improve the lives of people with vision loss. The award targets research and development in vision science and assistive technologies that directly enhance functional outcomes and quality of life for visually impaired populations, aligning with efforts to help people with vision loss achieve their personal goals.",summarized
80,Montrone-Seigel Prize in Biomedical Sciences,Foundation for the National Institutes of Health (FNIH),"Biomedical Research (basic, clinical, or translational biomedical sciences)",Middle-career (scientists aged 52 or younger),100000 (no different current amount listed on website; amount retained from prior cycle),January-August awards,2026-03-06 00:00:00 (deadline not yet posted for upcoming cycle; date retained from prior cycle),https://fnih.org/our-programs/powering-science/montrone-seigel-prize-in-biomedical-sciences/,"The Montrone-Seigel Prize in Biomedical Sciences recognizes breakthrough research in basic, clinical, or translational biomedical sciences across all disease areas and research disciplines. The award targets early-to-mid-career scientists (age 52 or younger) whose work demonstrates significant innovation and potential impact on human health, spanning areas such as gene editing, drug discovery, protein engineering, cancer therapeutics, genetic diseases, and other biomedical advances.",summarized
81,Lee C. Howley Sr. Prize for Arthritis Scientific Research,Arthritis Foundation,Immunology & Microbiology,Senior-level,10000,September-December awards,TBD (nominations take place in September and October; specific deadline date not listed on website for upcoming cycle),https://www.arthritis.org/science/impact/howley-prize-arthritis-research,"The Lee C. Howley Sr. Prize for Arthritis Scientific Research recognizes researchers making significant contributions to arthritis research with emphasis on improving patient outcomes and quality of life. The award targets immunological mechanisms underlying inflammatory arthritis, precision medicine approaches to treatment response, patient-reported outcomes, and implementation science to advance individualized care across rheumatoid arthritis, juvenile arthritis, and other rheumatic diseases.",summarized
82,Lupus Insight Prize,Lupus Research Alliance,Immunology & Microbiology,All stages,"100000 (no current amount listed on website; historical announcements describe this as a $100,000 award)",January-August awards,TBD (2026 deadline has passed; deadline not yet posted for upcoming cycle),https://www.lupusresearch.org/for-researchers/funding-opportunities/insight-prize/,"The Lupus Insight Prize recognizes outstanding investigators for novel, recent discoveries (within five years) that advance understanding or treatment of systemic lupus erythematosus. The award targets research across immunological mechanisms relevant to lupus pathogenesis, including immune dysregulation, B cell and T cell biology, genetic and environmental factors, organ-specific manifestations, and therapeutic approaches. Research areas span basic immunology, translational science, and clinical investigation that could shift current paradigms in lupus research and lead to improved therapeutic strategies.",summarized
83,AAAS Martin and Rose Wachtel Cancer Research Award,AAAS,Cancer Research,"Early-career (Ph.D., M.D., or equivalent received within the last 10 years)","$25,000 & The award-winning Essay(s) will be published in Science Translational Medicine",January-August awards,2026-02-15 00:00:00 (deadline not yet posted on website for this specific cycle; date retained from existing data),https://www.aaas.org/programs/aaas-martin-and-rose-wachtel-cancer-research-award,The AAAS Martin and Rose Wachtel Cancer Research Award recognizes outstanding research contributions in cancer biology and oncology. This award supports investigators conducting innovative cancer research across multiple disciplines and methodologies. The award aims to advance fundamental understanding of cancer mechanisms and promote excellence in cancer science.,summarized
84,NOSTER & Science Microbiome Prize,NOSTER & Science,Immunology & Microbiology,"Early-career (M.D., Ph.D., or M.D./Ph.D. received within the past 10 years)",25000 (no current amount listed on website landing page; amount retained from existing data),January-August awards,TBD (deadline not yet posted for upcoming cycle on website),https://www.science.org/content/page/noster-science-microbiome-prize,"This prize recognizes research at the intersection of immunology and microbiology, likely focusing on host-microbiome interactions and their immunological consequences. The award targets studies examining how microbial communities influence immune system function, development, or disease pathogenesis across various biological systems.",summarized_from_name
85,Princess of Asturias Award for Technical and Scientific Research,Fundación Princesa de Asturias,Biomedical Research,All stages,50000euros,January-August awards,TBD (no nomination deadline information listed on official awards page for upcoming cycle),https://www.fpa.es/en/princess-of-asturias-awards/,"The Princess of Asturias Award for Technical and Scientific Research recognizes outstanding contributions to biomedical research and scientific advancement that contribute to universal human knowledge and progress. This prestigious international award honors researchers whose work demonstrates excellence in technical and scientific innovation across biomedical disciplines, promoting scientific values and consolidating global scientific collaboration.",summarized
86,Science & PINS Prize for Neuromodulation,Science & PINS,Neuroscience & Neurology,Junior investigator - under the age of 45 (advanced degree received within the last 10 years),25000 (no current amount listed on website landing page; amount retained from existing data),January-August awards,2026-03-15 00:00:00 (deadline not yet posted on website for this specific cycle; date retained from existing data),https://www.science.org/content/page/science-pins-prize-how-enter,"The Science & PINS Prize for Neuromodulation recognizes early-career researchers conducting fundamental investigations at the intersection of engineering and clinical neurology. The award targets innovative neuromodulation approaches that advance understanding of human health and disease or guide therapeutic interventions, with emphasis on rigorous scientific quality and translational potential.",summarized
87,Excelsior Award,Society of General Physiologists,Physiology & Biophysics,"URM early-career (senior postdoctoral fellow, instructor, or non-tenure track assistant professor)",Unknown (no amount information listed on website),January-August awards,TBD (no nomination deadline listed on website for upcoming cycle),https://www.sgpweb.org/awards/excelsior,"The Excelsior Award recognizes exceptional early-career scientists from underrepresented groups in physiology and biophysics who are transitioning to independent research careers and aspire to become mentors. The award targets senior postdoctoral fellows, instructors, and non-tenure track assistant professors whose research aligns with physiology and biophysics and who bring unique perspectives shaped by lived experiences or challenges overcome. Recipients receive mentorship, travel support to present at the SGP Annual Meeting, and professional development opportunities to establish themselves as future leaders in the field.",summarized
88,USERN Prize,Universal Scientific Education and Research Network (USERN),Biomedical Research,Junior investigator - under the age of 40,5000 (no current amount listed on website; amount retained from existing data),January-August awards,"2026-06-05 00:00:00 (2025 call lists a submission deadline of August 22, 2025; specific 2026 deadline not yet posted, existing date retained)",https://usern.org/prize,"The USERN Prize recognizes junior scientists under 40 for novel achievements in scientific education, research, or service to humanity across five disciplines: Formal Sciences, Physical-Chemical Sciences, Biological Sciences, Medical Sciences, and Social Sciences. The award targets innovative research projects, educational initiatives, or scientific contributions that advance knowledge and address human needs, with emphasis on interdisciplinary collaboration and global impact. Applicants should demonstrate how their work moves their field forward and contributes to improving welfare, economic progress, or health outcomes for individuals and nations.",summarized
89,Spencer Foreman Award for Outstanding Community Engagement,AAMC,Biomedical Research,Institutional award,10000,January-August awards,2026-04-03 00:00:00,https://www.aamc.org/about-us/aamc-awards/spencer-foreman,"This award recognizes biomedical researchers who demonstrate exceptional commitment to community engagement and public outreach. It targets investigators who effectively translate their research findings for lay audiences, build partnerships with community organizations, and advance health equity through collaborative approaches that integrate community perspectives into biomedical research.",summarized
90,Arnold P. Gold Foundation Humanism in Medicine Award,AAMC,Medical Education,All stages,5000 (no current amount listed on website; amount retained from existing data),January-August awards,2026-03-02 00:00:00 (deadline not yet posted on website for this specific cycle; date retained from existing data),https://www.aamc.org/about-us/aamc-awards/humanism,"This award recognizes excellence in teaching and modeling humanistic values in medical education, honoring physicians and educators who demonstrate compassion, empathy, and patient-centered care in their clinical practice and mentorship of medical students and trainees. The award targets medical educators across all specialties who exemplify the integration of humanism with scientific excellence in medical training and practice.",summarized
91,Louis and Artur Lucian Award for Research in Circulatory Diseases,McGill University,Cardiovascular,All stages,75000 CDN,January-August awards,2026-01-31 00:00:00,https://www.mcgill.ca/lucianaward/,"The Louis and Artur Lucian Award recognizes outstanding research contributions in circulatory diseases and cardiovascular health. The award supports investigators conducting current, innovative research in this field and encourages international collaborative projects between McGill University and research centers globally. Recipients are expected to present their work through a formal lecture and engage in potential research collaborations with McGill faculty during a residency period.",summarized
92,Herbert W. Nickens Award,AAMC,Medical Education,All stages,10000,January-August awards,2026-04-03 00:00:00,https://www.aamc.org/about-us/aamc-awards/nickens,"The Herbert W. Nickens Award recognizes individuals who have made significant contributions to addressing racial and ethnic diversity, equity, and inclusion in medical education and the medical profession. The award targets research, leadership, and initiatives that advance underrepresented minorities in medicine through educational innovation, policy development, and institutional change.",summarized
93,Herbert W. Nickens Faculty Fellowship,AAMC,Medical Education,Early-career (assistant-level faculty),25000,January-August awards,2026-04-03 00:00:00,https://www.aamc.org/about-us/aamc-awards/nickens-faculty-fellowship,"The Herbert W. Nickens Faculty Fellowship recognizes assistant-level faculty members pursuing careers in academic medicine with demonstrated commitment to promoting equal opportunity in medical education and improving healthcare access for underserved populations. The award supports faculty-led projects addressing educational, societal, and health care needs of underserved communities in the United States, with emphasis on advancing health equity and diversity in academic medicine.",summarized
94,Herbert W. Nickens Medical Student Scholarships,AAMC,Medical Education,Early-career (rising third-year medical students),5000,January-August awards,2026-04-03 00:00:00,https://www.aamc.org/about-us/aamc-awards/nickens-medical-student-scholarships,"The Herbert W. Nickens Medical Student Scholarships recognize medical students who demonstrate exceptional leadership in promoting equal opportunity in medical education and improving access to quality healthcare for underserved populations. The award targets students entering their third year of medical school who have initiated or expanded programs addressing educational, societal, and healthcare disparities, with emphasis on documented leadership initiatives and commitment to health equity in underserved communities.",summarized
95,Alpha Omega Alpha Robert J. Glaser Distinguished Teacher Awards,AAMC,Medical Education,All faculty ranks (Assistant Professor or higher),7500,January-August awards,2026-04-03 00:00:00,https://www.aamc.org/about-us/aamc-awards/aoa-glaser-distinguished-teacher,"This award recognizes excellence in medical education and teaching within academic medicine. It honors faculty who demonstrate outstanding contributions to medical student education, curriculum development, and the advancement of teaching methodologies in medical schools. The award targets physician-educators and academic leaders who have made significant impacts on medical education innovation and student learning outcomes.",summarized
96,ICIS-BioLegend William E. Paul Award,International Cytokine & Interferon Society (ICIS),Immunology & Microbiology,Senior-level,5000,January-August awards,2026-03-06 00:00:00,https://cytokinesociety.org/icis-biolegend-william-e-paul-award/,"The ICIS-BioLegend William E. Paul Award recognizes outstanding career contributions to cytokine research in basic or applied immunology. The award honors scientists who have demonstrated sustained excellence through peer-reviewed publications, reviews, and presentations advancing cytokine biology and immune cell function, with particular emphasis on leadership in the international cytokine research community.",summarized
97,ICIS/Pfizer Award for Excellence in Cytokine and Interferon Research (formerly the Seymour & Vivian Milstein Award),International Cytokine & Interferon Society (ICIS),Immunology & Microbiology,Senior-level,10000,January-August awards,2026-03-06 00:00:00,https://cytokinesociety.org/awards/milstein-awards/,"This award recognizes exceptional contributions to interferon and cytokine research in basic or applied settings. Research areas include the roles of interferons and cytokines in cancer, viral diseases (hepatitis, influenza), autoimmune disorders (multiple sclerosis, lupus), and other major diseases. The award targets established biomedical researchers whose work has advanced human health through seminal discoveries or therapeutic applications in immunology and related disciplines.",summarized
98,International Prize for Biology,Japan Society for the Promotion of Science,Biomedical Research,Senior-level,10000000 yen,January-August awards,TBD (deadline not yet posted for upcoming cycle),https://www.jsps.go.jp/english/e-biol/nomination.html,"The International Prize for Biology recognizes outstanding lifetime research achievements in the biology of symbiosis and interspecific interactions. This award targets fundamental biological research that advances understanding of how different species interact, coevolve, and form symbiotic relationships across all biological systems. The prize honors researchers whose work has made significant contributions to basic biological science in this field.",summarized
99,Gustav O. Lienhard Award for Advancement of Health Care,National Academy of Medicine,Public Health & Policy,Senior-level,40000,January-August awards,TBD (deadline not yet posted for upcoming cycle),https://nam.edu/about-the-nam/gustav-o-lienhard-award/,"The Gustav O. Lienhard Award recognizes individuals for exceptional contributions to improving U.S. health care services through innovative and pioneering achievements in personal health services, clinical practice, or health care leadership. The award targets researchers and practitioners who have demonstrated sustained, measurable impact at the national level in advancing health care delivery, overcoming systemic barriers, and creating positive change in how health services are organized and delivered.",summarized
100,The Rhoda and Bernard Sarnat International Prize in Mental Health,National Academy of Medicine,Psychology & Psychiatry,All stages,20000,January-August awards,TBD (deadline not yet posted for upcoming cycle),https://nam.edu/the-rhoda-and-bernard-sarnat-international-prize-in-mental-health/,"The Rhoda and Bernard Sarnat International Prize recognizes outstanding achievements in mental health across basic biomedical research, clinical research, service innovations, and public policy. The award honors contributions that improve understanding or treatment of mental disorders, advance mental health services delivery, enhance public understanding, or promote mental health access—spanning disciplines including neuroscience, psychology, psychiatry, social work, public health, nursing, economics, and law.",summarized
101,The Harvey Prize,Technion – Israel Institute of Technology,"Science, Technology, Human Health, and Peace in the Middle East",All stages (established researchers),75000,January-August awards,2026-03-15 00:00:00 (deadline not yet posted for 2027 cycle; date retained from previous cycle),https://harveypz.net.technion.ac.il/conditions-of-the-prize/,"The Harvey Prize recognizes outstanding achievements in science and technology, human health, and contributions to peace in the Middle East. Awards are given annually across a rotating five-year cycle to researchers and leaders whose work represents recent breakthroughs or whose past accomplishments have gained significant recognition. The prize targets individuals whose innovations and discoveries serve as inspiration to others and contribute to the greater public good across diverse scientific disciplines and humanitarian endeavors.",summarized
102,Earl and Thressa Stadtman Young Scholar Award,American Society for Biochemistry and Molecular Biology,Biochemistry and Molecular Biology,Early-career (no more than 15 years since Ph.D. and/or M.D.),10000,January-August awards,TBD (nominations for the 2027 ASBMB Annual Awards will open in the spring; deadline not yet posted for upcoming cycle),https://www.asbmb.org/awards-grants/stadtman-young-scholar,"The Earl and Thressa Stadtman Young Scholar Award recognizes early-career scientists in biochemistry and molecular biology within 15 years of earning a Ph.D. or M.D. The award honors researchers who demonstrate exceptional scientific achievement and mentorship potential in advancing fundamental biochemical and molecular biological research. Recipients represent diverse areas within biochemistry and molecular biology, from structural biology and enzyme mechanisms to cellular signaling and emerging fields like ferroptosis and mitochondrial biology.",summarized
103,ASBMB William C. Rose Award for Exemplary Contributions to Education,American Society for Biochemistry and Molecular Biology,Biochemistry and Molecular Biology Education,All stages,3000,January-August awards,TBD (nominations for the 2027 ASBMB Annual Awards will open in the spring; deadline not yet posted for upcoming cycle),https://www.asbmb.org/awards-grants/education,"This award recognizes exceptional educators who demonstrate outstanding contributions to teaching biochemistry and molecular biology at undergraduate and/or graduate levels, with emphasis on student learning, mentorship, and pedagogical innovation. Recipients are selected based on evidence of teaching excellence, educational leadership, scholarship of teaching and learning (SOTL), educational research, and commitment to advancing careers of individuals from diverse backgrounds.",summarized
104,ASBMB Leadership Award (Emerging Leadership Award and Sustained Leadership Award),American Society for Biochemistry and Molecular Biology,Biochemistry and Molecular Biology; Leadership and Advancement of Women in Science,"Emerging Leadership Award: early-career (associate/assistant professor or equivalent, ≤15 years since terminal degree); Sustained Leadership Award: senior-level (full professor/senior scientist, >15 years since terminal degree)",3000,January-August awards,TBD (nominations for the 2026 ASBMB Annual Awards are closed; deadline for the next cycle not yet posted),https://www.asbmb.org/career-resources/awards-grants-fellowships/leadership,"The ASBMB Leadership Award recognizes researchers in biochemistry and molecular biology who demonstrate excellence in research and/or service while actively advancing the careers of women in the field. Two categories are offered in alternate years: the Emerging Leadership Award for early-career scientists (assistant/associate professor level, ≤15 years post-Ph.D./M.D.) and the Sustained Leadership Award for senior scientists (full professor or equivalent, >15 years post-Ph.D./M.D.). The award emphasizes leadership contributions to promoting women's advancement in biochemistry and molecular biology disciplines.",summarized
105,ASBMB–Merck Award,American Society for Biochemistry and Molecular Biology,Biochemistry and Molecular Biology,All stages,5000 (no current amount listed on website; amount retained from previous information),January-August awards,TBD (ASBMB award winners page does not list current call; deadline not yet posted for upcoming cycle),https://www.asbmb.org/career-resources/awards-grants-fellowships/merck,"The ASBMB–Merck Award recognizes outstanding contributions to biochemistry and molecular biology research across all career stages. This award honors scientists for their scientific achievements, educational impact, and commitment to diversity, equity, and inclusion within the biochemistry and molecular biology disciplines.",summarized
106,Avanti Award in Lipids,American Society for Biochemistry and Molecular Biology,Lipid Research (Biochemistry and Molecular Biology),All stages,3000 (no current amount listed on ASBMB website; amount retained from previous information),January-August awards,TBD (deadline not yet posted for upcoming ASBMB annual awards cycle),https://www.asbmb.org/career-resources/awards-grants-fellowships/avanti,"The Avanti Award in Lipids recognizes outstanding research contributions in lipid biochemistry and molecular biology. This award targets researchers whose work advances fundamental understanding of lipid biology, metabolism, signaling, and function across cellular and physiological contexts. The award is administered by the ASBMB Lipid Research Division and is open to ASBMB members conducting innovative lipid-focused research.",summarized
107,DeLano Award for Computational Biosciences,American Society for Biochemistry and Molecular Biology,Computational Biosciences / Computational Biology,All stages,3000 (no current amount listed on ASBMB website; amount retained from previous information),January-August awards,TBD (deadline not yet posted for upcoming ASBMB annual awards cycle),https://www.asbmb.org/career-resources/awards-grants/delano,"The DeLano Award for Computational Biosciences recognizes scientists for innovative computational developments and applications that advance life sciences research at the molecular and cellular levels. The award targets researchers who create accessible computational tools, methods, or software that enhance biochemical and molecular biological research. This award celebrates work spanning structural biology, molecular modeling, bioinformatics, and computational approaches to understanding biological systems.",summarized
108,ASBMB Mildred Cohn Young Investigator Award,American Society for Biochemistry and Molecular Biology,Biochemistry and Molecular Biology,Early-career (no more than 15 years since Ph.D. and/or M.D.),5000,January-August awards,TBD (nominations for the 2027 ASBMB Annual Awards will open in the spring; deadline not yet posted for upcoming cycle),https://www.asbmb.org/awards-grants/young-investigator,"The ASBMB Mildred Cohn Young Investigator Award recognizes outstanding research contributions to biochemistry and molecular biology from early-career scientists within 15 years of earning a Ph.D. and/or M.D. The award targets innovative research across the full spectrum of biochemical and molecular biological disciplines, including protein structure and function, enzyme mechanisms, cellular signaling, gene regulation, and structural biology. This biennial award supports researchers making significant advances in understanding biological processes at the molecular level.",summarized
109,Walter A. Shaw Young Investigator Award in Lipid Research,American Society for Biochemistry and Molecular Biology,Lipid Research (Biochemistry and Molecular Biology),Early-career (young investigator; typically within 15 years of terminal degree),2000 (no current amount listed on ASBMB website; amount retained from previous information),January-August awards,TBD (deadline not yet posted for upcoming ASBMB annual awards cycle),https://www.asbmb.org/career-resources/awards-grants/shaw,"This award recognizes outstanding research contributions in lipid biochemistry and molecular biology by early-career investigators at the assistant professor level or equivalent. The award targets young researchers studying lipids across biochemical and molecular biological approaches, supporting innovative work that advances understanding of lipid biology, metabolism, signaling, and cellular function.",summarized
110,William C. Rose Award,American Society for Biochemistry and Molecular Biology,Biochemistry and Molecular Biology,All stages,3000 (no current amount listed on current ASBMB page dedicated to the education-focused Rose award; amount retained from previous information),January-August awards,TBD (deadline not yet posted for upcoming ASBMB annual awards cycle),https://www.asbmb.org/career-resources/awards-grants/education,"The William C. Rose Award recognizes exceptional contributions to biochemistry and molecular biology education at undergraduate and graduate levels, emphasizing innovative teaching, student mentorship, and pedagogical scholarship. The award honors educators who demonstrate commitment to advancing learning outcomes, teaching innovation, and supporting the careers of individuals from diverse backgrounds through excellence in classroom instruction, educational leadership, or scholarship of teaching and learning.",summarized
111,Rosalind Franklin Young Investigator Award,The Gruber Foundation,Genetics,Early-career (first one to three years of an independent faculty-level position),"$225,000 over three years",January-August awards,Applications currently closed; next application cycle will open in 2028 (deadline not yet posted for upcoming cycle),https://gruber.yale.edu/rosalind-franklin-young-investigator-award,"The Rosalind Franklin Young Investigator Award supports early-career women geneticists within their first one to three years of independent faculty positions. The award funds two distinct research tracks: genetics research in human and non-human mammals, and genetics research in model organisms. This career development award recognizes innovative genetic research across diverse methodologies and biological systems, honoring the legacy of Rosalind Franklin's contributions to the field.",summarized
112,Peter and Patricia Gruber International Research Award in Neuroscience,The Gruber Foundation & Society for Neuroscience,Neuroscience,"Early-career (advanced graduate students, postdoctoral fellows, or research associates)","$50,000–$75,000 total, shared equally by two or three recipients",January-August awards,TBD (deadline not yet posted for upcoming cycle),https://www.sfn.org/careers/awards/early-career/peter-and-patricia-gruber-international-research-award,"This award recognizes early career neuroscientists conducting outstanding research in international settings, supporting innovative work across all neuroscience disciplines and methodologies. The award emphasizes geographic diversity and global collaboration, encouraging nominations of researchers working across borders or in developing neuroscience research environments. Recipients are selected for both research excellence and educational contributions that advance the field of neuroscience internationally.",summarized
113,Donald B. Lindsley Prize in Behavioral Neuroscience,The Grass Foundation & Society for Neuroscience,Behavioral Neuroscience,Early-career (outstanding PhD thesis in behavioral neuroscience),"$5,000",January-August awards,TBD (deadline not yet posted for upcoming cycle),https://www.sfn.org/careers/awards/early-career/donald-b-lindsley-prize-in-behavioral-neuroscience,"The Donald B. Lindsley Prize recognizes outstanding PhD research in behavioral neuroscience, defined as neuroscience research that incorporates behavioral variables or addresses behavioral problems. This award targets early-career neuroscientists whose doctoral work integrates behavioral approaches with neuroscientific methods to understand the neural mechanisms underlying behavior or to solve behavioral challenges.",summarized
114,Janett Rosenberg Trubatch Career Development Award,The Trubatch Family & Society for Neuroscience,Neuroscience,Early-career (during academic transitions prior to tenure),"$2,000",January-August awards,TBD (deadline not yet posted for upcoming cycle),https://www.sfn.org/careers/awards/early-career/janett-rosenberg-trubatch-career-development-award,This award recognizes early-career neuroscientists demonstrating originality and creativity in research during the critical transition period before tenure. The award supports researchers at the postdoctoral or early faculty stage who hold a PhD or MD (or equivalent) and are making innovative contributions to neuroscience across all research areas and methodologies.,summarized
115,Jennifer N. Bourne Prize in Neuronal and Synaptic Structure and Function,Society for Neuroscience,Neuroscience (neuronal and synaptic structure and function),Early-career,"$5,000 (no current amount listed on website)",January-August awards,TBD (deadline not yet posted for upcoming cycle),https://www.sfn.org/careers/awards/early-career/bourne-prize,"The Jennifer N. Bourne Prize recognizes early-career neuroscientists for outstanding discoveries advancing understanding of synaptic structure and function at nanometer scale, particularly through connectomics and neural circuit analysis. Research areas include visualization, reconstruction, and theoretical modeling of synaptic components; subcellular structures (ribosomes, mitochondria, endoplasmic reticulum, vesicles, cell adhesions); perisynaptic glia; and technological advances in sample preservation, imaging, reconstruction, and data management that predict synapse efficacy in circuits.",summarized
116,Bernice Grafstein Award for Outstanding Accomplishments in Mentoring,Society for Neuroscience,Neuroscience (advancement of women in neuroscience),All stages (mentors supporting women in neuroscience),"$2,500 (no current amount listed on website)",January-August awards,TBD (deadline not yet posted for upcoming cycle),https://www.sfn.org/initiatives/awards/bernice-grafstein-award,"This award recognizes neuroscientists who have made outstanding contributions to advancing women in neuroscience through mentorship, leadership, and service activities. The award honors individuals dedicated to supporting and developing the careers of women in the neuroscience field, with particular emphasis on mentoring relationships and institutional efforts that promote gender equity. Recipients are selected from the neuroscience community based on demonstrated commitment to fostering women's advancement in research and academic careers.",summarized
117,Louise Hanson Marshall Special Recognition Award,Society for Neuroscience,Neuroscience (promotion of women in neuroscience),All stages,Unknown (no current amount listed on website),January-August awards,TBD (deadline not yet posted for upcoming cycle),https://www.sfn.org/initiatives/awards/louise-hanson-marshall-award,"The Louise Hanson Marshall Special Recognition Award recognizes individuals who have significantly advanced women's careers in neuroscience through teaching, organizational leadership, public advocacy, or professional development initiatives. This award honors non-research contributions that promote gender equity and support for women in the neuroscience field, rather than research achievements themselves.",summarized
118,Award for Education in Neuroscience,Society for Neuroscience,Neuroscience education and training,All stages,Unknown (no current amount listed on website),January-August awards,TBD (deadline not yet posted for upcoming cycle),https://www.sfn.org/outreach/awards/award-for-education-in-neuroscience,"This award recognizes individuals who have made outstanding contributions to neuroscience education and training, typically at the undergraduate and graduate levels. The award targets educators and mentors who have demonstrated excellence in developing neuroscience curricula, training programs, and educational initiatives that advance the field's knowledge transmission and workforce development.",summarized
119,Next Generation Award,Society for Neuroscience,Neuroscience outreach and public education,All stages (SfN chapters and individual neuroscientists or students),"$3,000",January-August awards,TBD (deadline not yet posted for upcoming cycle),https://www.sfn.org/outreach/awards/next-generation-award,"The Next Generation Award recognizes early-career neuroscientists (junior faculty, pre- and postdoctoral researchers) who have made outstanding contributions to public communication, outreach, and education about neuroscience. The award targets individuals engaged in science communication activities such as classroom engagement, social media campaigns, and community outreach, typically directed at high school students and younger audiences. This award emphasizes the translation of neuroscience research and knowledge to the general public and educational settings rather than primary research contributions.",summarized
120,Science Educator Award,Society for Neuroscience,Neuroscience & science communication,All stages,"$5,000 honorarium per recipient",January-August awards,TBD (deadline not yet posted for upcoming cycle),https://www.sfn.org/outreach/awards/science-educator-award,"This award recognizes neuroscientists who have made significant contributions to public education and science communication in neuroscience. Recipients are selected for either conducting education activities full-time or balancing primary research with substantial outreach, policy, and education initiatives. The award honors excellence in translating neuroscience research for public audiences and advancing science literacy.",summarized
121,Nemko Prize in Cellular or Molecular Neuroscience,The Nemko Family & Society for Neuroscience,Neuroscience & Neurology,Early-career,2500,January-August awards,"Submissions Open: Mar 23, 2026, 08:00 AM EDT; Submissions Close: May 7, 2026, 05:00 PM EDT",https://www.sfn.org/careers/awards/early-career/nemko-prize-in-cellular-or-molecular-neuroscience,"The Nemko Prize recognizes outstanding early-career neuroscientists whose PhD research elucidates the molecular, genetic, or cellular mechanisms underlying higher brain function and cognition. This award targets fundamental research in cellular and molecular neuroscience that advances mechanistic understanding of how neural systems support cognitive processes and brain function. The prize emphasizes thesis-based research contributions that bridge molecular/cellular biology with systems-level understanding of cognition.",summarized
122,Jacob P. Waletzky Award,The Waletzky Prize Award Fund & Society for Neuroscience,Neuroscience & Neurology,Early-career,30000,January-August awards,"Submissions Open: Mar 23, 2026, 08:00 AM EDT; Submissions Close: May 7, 2026, 05:00 PM EDT",https://www.sfn.org/careers/awards/outstanding-career-and-research-achievements-awards/jacob-p-waletzky-award,"The Jacob P. Waletzky Award recognizes mid-career scientists (within 15 years of PhD or MD) whose independent research has made significant conceptual and empirical contributions to understanding drug addiction. The award supports both basic and clinical research approaches to addiction, with consideration given to researchers' future plans for continued contributions to the field. This award aims to honor innovative work that advances knowledge of addiction mechanisms and potential treatments.",summarized
123,Ralph W. Gerard Prize in Neuroscience,Society for Neuroscience,Neuroscience & Neurology,Senior-level,30000,January-August awards,"Submissions Open: Mar 23, 2026, 08:00 AM EDT; Submissions Close: May 7, 2026, 05:00 PM EDT",https://www.sfn.org/careers/awards/outstanding-career-and-research-achievements-awards/ralph-w-gerard-prize,"The Ralph W. Gerard Prize in Neuroscience recognizes outstanding scientists who have made significant career contributions across the full breadth of neuroscience research. This is the Society for Neuroscience's highest honor, awarded to researchers demonstrating exceptional achievements in advancing neuroscience knowledge and methodology throughout their professional trajectory.",summarized
124,Swartz Prize for Theoretical and Computational Neuroscience,The Swartz Foundation & Society for Neuroscience,Neuroscience & Neurology,Middle to Senior-level,30000,January-August awards,"Submissions Open: Mar 23, 2026, 08:00 AM EDT; Submissions Close: May 7, 2026, 05:00 PM EDT",https://www.sfn.org/careers/awards/outstanding-career-and-research-achievements-awards/swartz-prize-for-theoretical-and-computational-neuroscience,"The Swartz Prize recognizes outstanding contributions to theoretical models and computational methods in neuroscience. This award targets researchers who have made significant cumulative advances or particularly noteworthy recent breakthroughs in computational neuroscience, theoretical neuroscience, or mathematical modeling of neural systems. The prize honors work that has substantially impacted the field through novel theoretical frameworks, computational approaches, or methodological innovations that advance our understanding of brain function.",summarized
125,American Society for Cell Biology Awards,American Society for Cell Biology,"Genetics, Cell & Molecular Biology",All stages,"$1,000 to $5,000 (no current unified amount listed on website; varies by specific award)",January-August awards,Nominations/Applications for all 2026 awards will be accepted between May 15 and June 15,https://www.ascb.org/grants-awards/,"The American Society for Cell Biology Awards recognize outstanding research and contributions in cell biology and related molecular/genetic disciplines. These awards support investigators conducting fundamental research on cellular mechanisms, structure, and function across various biological systems and disease contexts.",summarized_from_name
126,Marjory Stephenson Prize Lecture,Microbiology Society,Immunology & Microbiology,Senior-level,"1,000 pounds",January-August awards,TBD (deadline not specified on current prize page; contact society if you foresee problems meeting the advertised deadline),https://microbiologysociety.org/grants-prizes/all-prizes-and-competitions/prize-lectures/marjory-stephenson-prize-lecture.html,"The Marjory Stephenson Prize Lecture recognizes microbiologists who have made sustained, outstanding contributions to the discipline over years or decades. The award targets researchers demonstrating significant advances in their field, particularly those with translational or cross-disciplinary work, along with evidence of mentoring and academic citizenship. Research areas span all domains of microbiology, including bacteria, archaea, fungi, protozoa, algae, and viruses, with emphasis on discoveries, novel tools/technologies, and work with potential impact in industry, policy, or society.",summarized
127,Sharona Gordon Award,Society of General Physiologists,Physiology & Biophysics,All stages,Unknown (no award amount listed on website),January-August awards,TBD (no nomination deadline listed on website),https://www.sgpweb.org/awards/sharona,"The Sharona Gordon Award recognizes transformational leadership in advancing equity, inclusivity, and diversity within physiology and biophysics research. Recipients are honored for sustained efforts to improve scientific culture, develop mentoring networks for early-career and underrepresented scientists, address harassment and inequities in academia, and champion systemic change that enhances both research quality and scientists' professional experiences. The award values leaders who innovate in representation and inclusion across all levels of the scientific enterprise, though recipients need not conduct research themselves.",summarized
128,VinFuture Grand Prize,VinFuture Foundation,Biomedical Research,All stages,3000000,January-August awards,TBD (nomination deadline for current cycle not stated on main nomination page; see official Call for Nominations linked there),https://vinfutureprize.org/vinfuture-prize-nomination/,"The VinFuture Grand Prize recognizes breakthrough scientific research and technological innovations across all disciplines of science, technology, and engineering that have demonstrated or show potential for significant real-world impact on millions of people globally. Eligible research must be scientifically proven, aligned with United Nations Sustainable Development Goals, and show clear evidence of practical application benefiting diverse populations including those in developing countries and lower-income communities. The award welcomes multidisciplinary approaches and considers nominations from researchers and inventors at active career stages, with special prizes also available for innovators from developing countries, women researchers, and those working in emerging fields such as bioengineering, AI, quantum biology, and bioelectronics.",summarized
129,VinFuture Special Prize: Innovator(s) from Developing Country(ies),VinFuture Foundation,Biomedical Research,All stages,500000,January-August awards,TBD (nomination deadline for current cycle not stated on main nomination page; see official Call for Nominations linked there),https://vinfutureprize.org/vinfuture-prize-nomination/,"The VinFuture Special Prize for Innovators from Developing Countries recognizes breakthrough scientific research and technological innovations across all disciplines that address real-world problems aligned with UN Sustainable Development Goals. This award targets researchers and innovators working within developing country organizations whose solutions demonstrate scientific rigor, practical application potential, and capacity to benefit millions of people globally, particularly disadvantaged communities. Research areas span biomedical sciences, engineering, technology, and multidisciplinary approaches, with preference for work in active development stages that show clear evidence of impact or significant future potential.",summarized
130,VinFuture Special Prize: Female Innovator(s),VinFuture Foundation,Biomedical Research,All stages,500000,January-August awards,TBD (nomination deadline for current cycle not stated on main nomination page; see official Call for Nominations linked there),https://vinfutureprize.org/vinfuture-prize-nomination/,"The VinFuture Special Prize for Female Innovator(s) recognizes women researchers and inventors across all scientific, technological, and engineering disciplines who have developed breakthrough innovations with demonstrated or potential real-world impact aligned with UN Sustainable Development Goals. The award targets solutions that have already benefited or show potential to benefit millions of people globally, with preference for scientifically proven research at active career stages that address practical problems in healthcare, sustainability, and equitable development, including emerging interdisciplinary fields such as bioengineering, artificial intelligence, and quantum biology.",summarized
131,VinFuture Special Prize: Innovators with Outstanding Achievement in Emerging Fields,VinFuture Foundation,"Science, Technology & Engineering (all fields impacting sustainable development)",All stages,500000,January-August awards,April 17 2026,https://vinfutureprize.org/vinfuture-prize-nomination/,"This special prize recognizes breakthrough innovations in emerging, non-traditional fields that combine multiple disciplines—such as quantum computing, neuromorphic computing, bioelectronics, IoT, robotics, AI, machine learning, biometrics, quantum biology, and bioengineering—to address real-world problems aligned with UN Sustainable Development Goals. Research must be scientifically proven with clear evidence of impact or potential to benefit millions of people globally, including disadvantaged communities, and should result in practical end-products or services with everyday applications. The award targets researchers and inventors at active career stages working across all science, technology, and engineering disciplines using multidisciplinary approaches.",summarized
132,BBVA Foundation Frontiers of Knowledge Awards,BBVA Foundation,"Multiple fields (including Biomedicine, Basic Sciences, Climate Change, etc.)",All stages,"400,000 euros",January-August awards,June 30 2026,https://www.frontiersofknowledgeawards-fbbva.es/conditions/,"The BBVA Foundation Frontiers of Knowledge Awards recognize world-class research and artistic creation across multiple disciplines including Basic Sciences (Physics, Chemistry, Mathematics), Biology and Biomedicine, Information and Communication Technologies, Climate Change and Environmental Sciences, Economics, Finance and Management, Humanities, Social Sciences, and Music and Opera. The awards emphasize fundamental and interdisciplinary advances that push the boundaries of knowledge, with particular attention to collaborative research efforts and the intersection of different disciplinary areas. Nominations are open to researchers and institutions worldwide, with evaluation conducted in partnership with Spain's National Research Council (CSIC).",summarized
133,Science & SciLifeLab Prize for Young Scientists,Science/AAAS and SciLifeLab,Life Sciences,Early-career (recent PhD recipients),"Grand Prize Winner: $30,000; Category Winners: $10,000",January-August awards,TBD (deadline not yet posted for upcoming cycle),https://www.science.org/content/page/how-enter-science-scilifelab-prize-young-scientists,"This prize recognizes outstanding early-career researchers in life sciences, with a focus on work conducted at or affiliated with SciLifeLab, a Swedish research center. The award targets young scientists conducting innovative research across molecular biology, cell biology, genetics, and related life science disciplines that advance fundamental understanding or technological capabilities in these fields.",summarized_from_name
134,Hideyo Noguchi Africa Prize,Government of Japan,Medical Research and Medical Services for Diseases in Africa,Senior-level,100 million yen,January-August awards,TBD (deadline not yet posted for upcoming cycle),https://www.cao.go.jp/noguchisho/english/keii/gaiyo.html,"The Hideyo Noguchi Africa Prize recognizes outstanding achievements in medical research and medical services addressing infectious and other diseases in Africa. The award targets individuals and organizations conducting research or providing healthcare services in Africa, with emphasis on combating diseases and improving health outcomes for African populations. Research areas include infectious disease control, medical innovation, and clinical services that directly contribute to disease prevention and treatment in African settings.",summarized
135,"March of Dimes Richard B. Johnston, Jr., MD Prize",March of Dimes,"Prenatal Development, Pregnancy & Birth",Senior-level,"$150,000",January-August awards,October 2 2026,https://www.marchofdimes.org/our-work/research/grants-awards/march-of-dimes-richard-b-johnston-jr-md-prize,"The March of Dimes Richard B. Johnston, Jr., MD Prize recognizes outstanding late-career scientists who have made profound translational research contributions to understanding prenatal development, pregnancy, and parturition. The award targets researchers whose discoveries have advanced fundamental knowledge and led to interventions or preventions that improve maternal and infant health outcomes. Eligible nominees are scientific leaders who have pioneered impactful research in reproductive biology and perinatal science, with preference for work addressing preventable maternal and infant health risks.",summarized
136,Adam Yarmolinsky Medal,National Academy of Medicine,Contributions to NAM mission from disciplines outside health and medical sciences,Senior-level (NAM members),Unknown (no current amount listed on website),January-August awards,2026-05-20 00:00:00 (deadline not yet posted for 2026 cycle on website),https://nam.edu/adam-yarmolinsky-medal/,"The Adam Yarmolinsky Medal recognizes distinguished contributions to the National Academy of Medicine's mission by members from non-health disciplines, including natural sciences, social sciences, computational and behavioral sciences, law, administration, engineering, business, environmental health, data sciences, and basic life sciences. The award honors individuals who have made sustained, multifaceted contributions to advancing health and medical research through interdisciplinary perspectives and expertise outside traditional health professions.",summarized
137,David Rall Medal,National Academy of Medicine,Public Health & Policy (leadership in NAM studies),Senior-level (NAM members),Unknown (no current amount listed on website),January-August awards,2026-05-20 00:00:00 (deadline not yet posted for 2026 cycle on website),https://nam.edu/david-rall-medal/,"The David Rall Medal recognizes distinguished leadership in National Academy of Medicine study committees and related activities. This award honors individuals who demonstrate exemplary commitment and contributions substantially exceeding standard expectations in advancing the NAM's mission across public health, policy, and health systems research. The medal celebrates leadership in addressing key health issues including chronic conditions, infectious diseases, health workforce development, and health care effectiveness through rigorous scientific inquiry and evidence-based policy action.",summarized
138,Walsh McDermott Medal,National Academy of Medicine,Public Health & Policy (distinguished service to NAM and National Academies),Senior-level (NAM members),Unknown (no current amount listed on website),January-August awards,2026-05-20 00:00:00 (deadline not yet posted for 2026 cycle on website),https://nam.edu/walsh-mcdermott-medal/,"The Walsh McDermott Medal recognizes National Academy of Medicine members for exceptional, long-standing service to the NAM and National Academies through leadership, committee work, research review, and advancement of the organization's public health mission. The award honors contributions across diverse health-related disciplines and cross-disciplinary initiatives addressing topics such as human rights, infectious diseases, chronic conditions, climate and health, health workforce development, and health care effectiveness.",summarized
139,IBRO Dargut and Milena Kemali International Prize for Research in the field of Basic and Clinical Neurosciences (IBRO-Kemali Prize),IBRO Dargut & Milena Kemali Foundation and International Brain Research Organization,Neuroscience & Neurology (Basic and Clinical Neurosciences),Junior investigator - under the age of 45,"25,000 Euros",January-August awards,TBD (deadline not yet posted for upcoming cycle),https://ibro.org/ibro-kemali-prize-awarded-to-dr-sergiu-p-pasca/,"This prize recognizes outstanding researchers under 45 who have made significant contributions to basic and clinical neuroscience. The award particularly highlights innovative work in stem cell biology, brain organoids, and assembloids for modeling human brain development and disease mechanisms. Research areas include neurodevelopmental disorders, cellular reprogramming, molecular and cellular neuroscience, and translational approaches combining in vivo and in vitro methodologies to understand brain assembly, degeneration, and function.",summarized
140,"H. Richard Winn, MD Prize",The Society of Neurological Surgeons,Neuroscience & Neurology (Neurological Surgery),Senior-level,cash prize (amount unknown) (no current amount listed on website),January-August awards,TBD (deadline not yet posted for upcoming cycle),https://www.societyns.org/about/h-richard-winn-md-prize,"The H. Richard Winn, MD Prize recognizes outstanding, continuous commitment to research in the neurosciences by neurological surgeons. The award targets clinician-investigators conducting basic and clinical research in neurosurgical disciplines, particularly cerebrovascular physiology, cerebral blood flow regulation, and neurosurgical specialties including cerebrovascular disease, trauma, and oncology. This international prize honors neurosurgeons who demonstrate sustained NIH-funded research productivity and significant contributions advancing the scientific foundation of neurological surgery.",summarized
141,Ruth Leff Siegel Award for Excellence in Pancreatic Cancer Research,The Pancreas Center at Columbia University and The Herbert Irving Comprehensive Cancer Center,Cancer Research,Middle to Senior-level,"$50,000 (no current amount listed on website)",January-August awards,2024-08-01 00:00:00,https://columbiasurgery.org/news/ruth-leff-siegel-award-excellence-pancreatic-cancer-research-2024-call-nominations,"The Ruth Leff Siegel Award recognizes exceptional research contributions to pancreatic cancer across all scientific disciplines, including basic biology, translational science, population biology, and public health. The award targets investigators who have published high-impact work advancing understanding of pancreatic cancer etiology, biology, or treatment approaches, with no restrictions on geographic location, employment status, or academic rank.",summarized
142,Peter Seeburg Integrative Neuroscience Prize,Society for Neuroscience and Federation of European Neuroscience Societies,Neuroscience & Neurology,Middle to Senior-level,100000,January-August awards,TBD (deadline not yet posted for upcoming cycle),https://www.sfn.org/careers/awards/outstanding-career-and-research-achievements-awards/peter-seeburg-integrative-neuroscience-prize,"The Peter Seeburg Integrative Neuroscience Prize recognizes groundbreaking research that integrates molecular and cellular neurobiology with circuit and systems-level approaches to understand executive brain functions and cognitive processes. The award targets investigators who have made significant advances in explaining mechanisms underlying emotion, learning, memory, attention, and decision-making by bridging multiple levels of biological organization. Research combining molecular/cellular techniques with electrophysiology, imaging, or behavioral analysis to elucidate how brain circuits generate cognition and behavior is particularly valued.",summarized
143,Mika Salpeter Lifetime Achievement Award,Society for Neuroscience,Neuroscience & Neurology,Senior-level,10000,January-August awards,TBD (deadline not yet posted for upcoming cycle),https://www.sfn.org/initiatives/awards/mika-salpeter-award,The Mika Salpeter Lifetime Achievement Award recognizes neuroscientists with outstanding career achievements across all research areas within neuroscience who have also made significant contributions to advancing women's professional development in the field. This award honors researchers demonstrating excellence in both scientific accomplishment and mentorship/leadership that has promoted gender equity in neuroscience.,summarized
144,Julius Axelrod Prize,Society for Neuroscience,Neuroscience & Neurology,Senior-level,25000,January-August awards,TBD (deadline not yet posted for upcoming cycle),https://www.sfn.org/careers/awards/outstanding-career-and-research-achievements-awards/julius-axelrod-prize,"The Julius Axelrod Prize recognizes distinguished scientists for outstanding achievements in neuropharmacology and related areas of neuroscience, with particular emphasis on their mentoring contributions to early-career researchers. The award honors researchers who have made significant scientific contributions to understanding drug-brain interactions, neurochemical mechanisms, and pharmacological approaches to neurological and psychiatric disorders. Nominees should demonstrate exemplary leadership in advancing the field through both research innovation and commitment to developing the next generation of neuroscientists.",summarized
145,Eppendorf & Science Prize for Neurobiology,Eppendorf and Science,Neuroscience & Neurology,Early-career - not older than 35 years of age.,25000,January-August awards,2026-06-15 00:00:00,https://corporate.eppendorf.com/en/company/scientific-awards/global-award/,"This prize recognizes outstanding research contributions in neurobiology, supporting innovative work that advances understanding of neural systems, brain function, and neurobiological mechanisms. The award targets neuroscientists conducting fundamental or translational research across disciplines including molecular neurobiology, cellular neuroscience, systems neuroscience, and related neurological fields.",summarized_from_name
146,AACR Outstanding Investigator Award for Breast Cancer Research,American Association for Cancer Research,Cancer Research,Middle-career - less than 50 years of age.,Unknown (no current amount listed on website),January-August awards,2026-06-30 00:00:00,https://www.aacr.org/awards/aacr-outstanding-investigator-award-for-breast-cancer-research-supported-by-the-breast-cancer-research-foundation/,"This award recognizes outstanding investigators conducting innovative research in breast cancer across all research areas and methodologies. The award supports diverse approaches to understanding breast cancer biology, development, prevention, and treatment, including basic science, translational research, and clinical investigations that advance the field.",summarized
147,AACR Distinguished Lectureship in Breast Cancer Research,American Association for Cancer Research,Cancer Research,All stages,Unknown (no current amount listed on website),January-August awards,2026-06-30 00:00:00,https://www.aacr.org/awards/aacr-distinguished-lectureship-in-breast-cancer-research/,"This lectureship recognizes distinguished scientists for outstanding contributions to breast cancer research. The award honors researchers advancing knowledge across breast cancer biology, prevention, detection, treatment, and clinical outcomes through innovative basic science, translational research, and clinical investigations.",summarized
148,AACR Distinguished Lectureship on the Science of Cancer Health Disparities,American Association for Cancer Research,Cancer Research,All stages,5000,January-August awards,2026-06-30 00:00:00,https://www.aacr.org/awards/aacr-distinguished-lectureship-on-the-science-of-cancer-health-disparities/,"This lectureship recognizes distinguished scientists conducting research on cancer health disparities, including the biological, epidemiological, and social factors that contribute to unequal cancer burden across populations. The award targets research examining disparities in cancer incidence, mortality, prevention, and treatment outcomes, as well as studies addressing barriers to care and interventions to reduce inequities. Research areas include population sciences, molecular epidemiology, cancer prevention, and translational approaches to understanding and eliminating cancer disparities across diverse populations.",summarized
149,World Laureates Association Prize,World Laureates Association,Biomedical Research,Senior-level,"¥10,000,000 CNY",January-August awards,TBD (deadline not yet posted for upcoming cycle),https://nomination.thewlaprize.org/nomination/portal,"The World Laureates Association Prize recognizes outstanding contributions to biomedical research across disciplines. The award targets researchers working on fundamental and applied biomedical challenges, potentially spanning areas such as disease mechanisms, therapeutic development, and clinical innovation.",summarized_from_name
150,"Albert B. Craig, Jr. Award for Innovation in Behavioral Health",Staunton Farm Foundation,Neuroscience & Neurology,All stages,5000,January-August awards,TBD (deadline not yet posted for upcoming cycle),https://stauntonfarm.org/our-work/albert-b-craig-jr-award-form/,"The Albert B. Craig, Jr. Award recognizes innovative approaches to mental health, behavioral health, and substance use disorders. The award targets researchers and practitioners who develop novel interventions, forge interdisciplinary partnerships, create new service delivery models, or invent products and processes that demonstrably improve outcomes for individuals with mental illness, behavioral health conditions, and substance use disorders.",summarized
151,Lieber Prize for Outstanding Achievement in Schizophrenia Research,Brain & Behavior Research Foundation,Psychology & Psychiatry,Senior-level,50000,January-August awards,2026-04-29 00:00:00,https://bbrfoundation.org/grants-prizes/lieber-prize,"The Lieber Prize recognizes outstanding discoveries in schizophrenia research across basic, translational, and clinical domains. The award honors innovative work in understanding schizophrenia's neurobiology, cognitive mechanisms, etiology, and therapeutic development, with particular emphasis on research that advances mechanistic understanding or leads to clinical breakthroughs in this severe psychiatric disorder.",summarized
152,Colvin Prize for Outstanding Achievement in Mood Disorders Research,Brain & Behavior Research Foundation,Psychology & Psychiatry,Senior-level,50000,January-August awards,2026-04-29 00:00:00,https://bbrfoundation.org/grants-prizes/prizes-awards/colvin-prize-outstanding-achievement-mood-disorders-research,"The Colvin Prize recognizes outstanding achievement in mood disorders research, encompassing bipolar disorder, depression, and related affective conditions. The award supports investigators across basic research, clinical investigation, and translational science approaches that advance understanding of mood disorder etiology, pathophysiology, diagnosis, and treatment. Research may employ neuroscience, genetics, neuroimaging, pharmacology, psychosocial interventions, or other methodologies to improve outcomes for individuals with mood disorders.",summarized
153,Patricia Goldman-Rakic Prize for Outstanding Achievement in Cognitive Neuroscience,Brain & Behavior Research Foundation,Psychology & Psychiatry,Senior-level,40000,January-August awards,2025-04-30 00:00:00 (deadline not yet posted for 2026 cycle),https://bbrfoundation.org/grants-prizes/prizes-awards/goldman-rakic-prize-outstanding-achievement-cognitive-neuroscience,"The Patricia Goldman-Rakic Prize recognizes outstanding achievements in cognitive neuroscience research, particularly work advancing understanding of brain mechanisms underlying cognition, learning, and memory. The prize honors research that builds on Patricia Goldman-Rakic's legacy of discoveries about frontal lobe function and its role in cognitive processes. This award targets neuroscientists conducting basic and translational research that illuminates how neural circuits support higher-order cognitive functions relevant to mental health and neuropsychiatric disorders.",summarized
154,Maltz Prize for Innovative and Promising Schizophrenia Research,Brain & Behavior Research Foundation,Psychology & Psychiatry,Senior-level,40000,January-August awards,TBD (deadline not yet posted for upcoming cycle),https://bbrfoundation.org/grants-prizes/prizes-awards/maltz-prize-schizophrenia-research,"The Maltz Prize recognizes innovative and promising research in schizophrenia, supporting investigators who are advancing the understanding and treatment of this psychiatric disorder. The prize targets novel research approaches across basic science, neurobiology, diagnostics, therapeutics, and clinical investigation relevant to schizophrenia pathogenesis and management. Research areas may include cognitive neuroscience, neuroimaging, biomarkers, early intervention strategies, and next-generation therapeutic development for schizophrenia.",summarized
155,Ruane Prize for Outstanding Achievement in Child and Adolescent Psychiatric Research,Brain & Behavior Research Foundation,Psychology & Psychiatry,Senior-level,50000,January-August awards,2026-04-29 00:00:00,https://bbrfoundation.org/grants-prizes/prizes-awards/ruane-prize-outstanding-achievement-child-and-adolescent-psychiatric-research,"The Ruane Prize recognizes outstanding research advances in understanding and treating early-onset brain and behavior disorders in children and adolescents. The award targets psychiatric research across developmental mental health conditions, including ADHD, autism spectrum disorder, anxiety disorders, mood disorders, and other childhood-onset psychiatric illnesses. Research may encompass basic neuroscience, diagnostic tools, early intervention strategies, and novel therapeutic approaches to pediatric mental health.",summarized
156,Prince Mahidol Award,Prince Mahidol Award Foundation,Biomedical Research,Senior-level,50000,January-August awards,2026-05-31 00:00:00,http://www.princemahidolaward.org/,"The Prince Mahidol Award recognizes outstanding research and achievements in medicine and public health that directly contribute to societal benefit. The award targets biomedical researchers and institutions conducting innovative work across medical disciplines, with a focus on research that advances human health and improves public health outcomes. Recent laureates have been recognized for work in areas including cardiac medicine, nutritional science, and molecular biology, reflecting the award's broad scope across biomedical research domains.",summarized
157,AAAS NOMIS & Science Young Explorer Award,AAAS and NOMIS Foundation,Biomedical Research,Early-career ,"Grand Prize $15000, runner(s) up $5000",January-August awards,TBD (deadline not yet posted for 2026 cycle),https://www.science.org/content/page/how-enter-nomis-science-young-explorer-award,This award supports early-career biomedical researchers conducting innovative exploratory research. It targets scientists at the beginning of their independent careers who are pursuing novel approaches to fundamental questions in biomedical science and related disciplines.,summarized_from_name
158,AAAS David and Betty Hamburg Award for Science Diplomacy ,AAAS,Public Health & Policy,All stages,10000,January-August awards,TBD (deadline not yet posted for upcoming cycle),https://www.aaas.org/awards/science-diplomacy/about,"This award recognizes individuals or small groups in scientific and foreign policy communities who advance science diplomacy and international scientific cooperation. The award targets researchers and practitioners working at the intersection of science, evidence-based decision-making, and diplomacy to build stronger links between societies, promote peace, and address global challenges through collaborative research and scientific exchange.",summarized
159,AAAS Award for Scientific Freedom and Responsibility,AAAS,Public Health & Policy,All stages,5000,January-August awards,TBD (deadline not yet posted for upcoming cycle),https://www.aaas.org/awards/scientific-freedom-and-responsibility/about,"This award recognizes individuals and organizations who have advanced scientific freedom and responsibility, particularly under challenging circumstances. It honors exemplary actions that protect public health and safety, defend scientists' human rights and professional freedom, promote responsible scientist-community collaborations for justice, and use scientific expertise to address human rights violations. The award targets researchers, engineers, health professionals, and community organizations across all disciplines who demonstrate integrity in conducting and communicating science while upholding scientific freedom and human rights.",summarized
160,AAAS Early Career Award for Public Engagement with Science,AAAS,Public Health & Policy,Early-career (within seven years of terminal degree),5000,January-August awards,2025-06-30 00:00:00 (deadline not yet posted for 2026–27 cycle),https://www.aaas.org/awards/early-career-public-engagement/about,"This award recognizes early-career scientists, engineers, and mathematicians (within 7 years of terminal degree) who excel in public engagement activities that promote dialogue between science and society. The award targets researchers across all STEM disciplines—including social sciences, medicine, and engineering—who conduct active research while undertaking substantial public engagement efforts beyond their job responsibilities, such as science communication, outreach, and efforts to translate research for public understanding.",summarized
161,AAAS Kavli Science Journalism Awards,American Association for the Advancement of Science (AAAS),Public Health & Policy,All stages,"Each category two winners: Gold $5,000 Silver $3,500",January-August awards,"June 30, 2025 (deadline for current/most recent contest cycle; future deadline not yet posted for subsequent cycle)",https://sjawards.aaas.org/ (direct site not fetchable by bot; details confirmed via 2025 official contest rules and external announcements),"This award recognizes excellence in science journalism across multiple categories, supporting journalists who communicate scientific research and discoveries to the public. While categorized under Public Health & Policy, the AAAS Kavli awards span all scientific disciplines, rewarding outstanding reporting that makes complex science accessible and engaging to general audiences.",summarized_from_name
162,AAAS Mani L. Bhaumik Award for Public Engagement with Science,American Association for the Advancement of Science (AAAS),Public Health & Policy,All stages,"$5,000 honorarium",January-August awards,TBD (deadline not clearly listed for the upcoming cycle on publicly accessible pages; keep as TBD),https://www.aaas.org/award/bhaumik-award-for-public-engagement (AAAS site not directly fetchable by bot; information confirmed from secondary coverage of AAAS awards),"This AAAS award recognizes outstanding efforts to engage the public with science through communication, education, or advocacy. It targets researchers and scientists across disciplines who excel at translating scientific knowledge for general audiences and fostering public understanding of science and its applications to societal challenges.",summarized_from_name
163,AAAS Mentor Awards,American Association for the Advancement of Science (AAAS),Public Health & Policy,Middle to Senior-level,"Two $5,000 awards",January-August awards,"June 30, 2025",https://www.aaas.org/awards/mentor/about (AAAS site itself is blocked to bot; deadline and award details verified from cached/search result content),"The AAAS Mentor Awards recognize and honor scientists and engineers who have demonstrated excellence in mentoring the next generation of researchers. While focused on public health and policy, the award celebrates mentorship across scientific disciplines, supporting individuals who have significantly contributed to developing future leaders in science and advancing the field through educational impact.",summarized_from_name
164,AAAS Newcomb Cleveland Prize,American Association for the Advancement of Science (AAAS),Public Health & Policy,All stages,"$25,000 honorarium",January-August awards,TBD (AAAS page not directly accessible to bot; most recent specific deadline not clearly available in secondary sources),"https://www.aaas.org/awards/newcomb-cleveland-prize/about (AAAS site not directly fetchable by bot; amount confirmed from external references indicating $25,000 prize)","The AAAS Newcomb Cleveland Prize recognizes outstanding scientific research and its public communication across all scientific disciplines. While administered by AAAS, this prize is not limited to public health and policy but rather celebrates significant scientific contributions that advance knowledge and benefit society through effective dissemination to broad audiences.",summarized_from_name
165,AAAS Philip Hauge Abelson Prize,American Association for the Advancement of Science (AAAS),Public Health & Policy,Middle to Senior-level,"$5,000 honorarium",January-August awards,TBD (AAAS page not directly accessible to bot; current or next deadline not clearly stated in secondary sources),https://www.aaas.org/awards/philip-hauge-abelson/about (AAAS site not directly fetchable by bot; honorarium amount confirmed from external references),"The AAAS Philip Hauge Abelson Prize recognizes outstanding scientific contributions in public health and policy domains. This award targets researchers whose work bridges science and public policy, particularly those advancing evidence-based approaches to health challenges and policy development. The prize honors interdisciplinary research that demonstrates significant impact on public health outcomes and policy implementation.",summarized_from_name
166,AAAS/Subaru SB&F Prize for Excellence in Science Books,"American Association for the Advancement of Science (AAAS) and Subaru of America, Inc.",Public Health & Policy,All stages,"$1,500 (no different current amount listed on publicly accessible prize materials; amount retained)",January-August awards,TBD (recent press materials do not clearly state the submission/nomination deadline for the next cycle),https://www.aaas.org/awards/aaas-subaru-sbf-prize-excellence-science-books/about (primary AAAS page not directly fetchable by bot; prize confirmed as ongoing via dedicated prize site),"This prize recognizes excellence in science writing and communication for books that make scientific research accessible to general audiences. While categorized under Public Health & Policy, the award spans all scientific disciplines and honors authors who effectively translate complex scientific concepts into engaging narratives for the public.",summarized_from_name
167,John P. McGovern Award Lecture in the Behavioral Sciences,American Association for the Advancement of Science (AAAS),Biomedical Research,All stages,"$5,000 honorarium (no updated different amount readily visible in secondary sources; amount retained)",January-August awards,TBD (AAAS award page blocked to bot; current deadline not clearly available in secondary sources),https://www.aaas.org/awards/john-mcgovern-lecture (AAAS site not directly fetchable by bot),"This AAAS award recognizes distinguished contributions to behavioral sciences research within the biomedical field. The award likely supports or honors research examining human and animal behavior, behavioral mechanisms, and their applications to health and medical understanding.",summarized_from_name
168,ICIS–Pfizer Award for Excellence in Interferon and Cytokine Research (formerly the Seymour & Vivian Milstein Award),International Cytokine & Interferon Society (ICIS),Immunology & Microbiology,Senior-level,"$10,000 prize",January-August awards,Senior-career award nominations currently closed; next deadline not yet posted for upcoming cycle (most recent ICIS awards page lists senior-career nominations as closed and only provides specific dates for young investigator and travel awards),https://cytokinesociety.org/icis-pfizer-award/ (award details and amount confirmed via ICIS awards overview page and specific award page),"This award recognizes outstanding research contributions in interferon and cytokine biology, supporting investigators who advance fundamental understanding of these critical immune signaling molecules and their roles in immune regulation and disease. The award targets immunologists and microbiologists studying cytokine mechanisms, interferon signaling pathways, and their applications in infectious diseases, inflammation, and immunotherapy.",summarized_from_name
169,ICIS–BioLegend William E. Paul Award for Excellence in Cytokine Research,International Cytokine & Interferon Society (ICIS),Immunology & Microbiology,Middle to Senior-level (lifetime contributions to cytokine research),"$5,000 prize",January-August awards,Senior-career award nominations currently closed; next deadline not yet posted for upcoming cycle (per ICIS awards overview page),https://cytokinesociety.org/icis-biolegend-william-e-paul-award/ (details confirmed via ICIS awards pages),"This award recognizes outstanding research contributions in cytokine biology and immunology, sponsored by the International Cytokine & Interferon Society. It targets investigators conducting fundamental or translational research on cytokines, interferons, and related signaling pathways that regulate immune responses. The award supports work across immunology, cell biology, and related disciplines that advance understanding of cytokine function in health and disease.",summarized_from_name
170,ICIS–Luminex John R. Kettman Mid-Career Award for Excellence in Interferon & Cytokine Research,International Cytokine & Interferon Society (ICIS),Immunology & Microbiology,Mid-career – within 15 years of terminal degree; independent PI (exceptions considered for special circumstances),"$5,000 prize",January-August awards,Senior- and mid-career award nominations currently closed; next deadline not yet posted for upcoming cycle (per ICIS awards overview page),https://cytokinesociety.org/luminex-award/ (details confirmed via ICIS awards pages),"This mid-career award from the International Cytokine & Interferon Society recognizes excellence in research on interferons and cytokines, fundamental signaling molecules in immune and inflammatory responses. The award targets immunologists and microbiologists at the mid-career stage who have made significant contributions to understanding cytokine biology, interferon signaling, or their roles in infection, inflammation, and immune regulation.",summarized_from_name
171,ICIS Mentorship Award,International Cytokine & Interferon Society (ICIS),Immunology & Microbiology,All stages (ICIS members with significant and sustained record of mentoring),Up to 1500 (travel costs to attend ICIS Annual Meeting; no separate cash honorarium specified on website),January-August awards,TBD (deadline not yet posted for upcoming cycle),https://cytokinesociety.org/icis-mentorship-award/,"The ICIS Mentorship Award recognizes exceptional mentors in cytokine and interferon research who have demonstrated sustained, significant contributions to trainee career development. The award emphasizes mentoring across immunology and microbiology disciplines, valuing intellectual guidance, professional development, and advocacy for early-career researchers in academic, government, and industry settings.",summarized
172,ICIS Honorary Lifetime Membership Award,International Cytokine & Interferon Society (ICIS),Immunology & Microbiology,Senior-level (individuals with substantive contributions to interferon/cytokine research and to ICIS),none (no monetary component stated on website),January-August awards,TBD (deadline not yet posted for upcoming cycle),https://cytokinesociety.org/about-us/honorary-members/ (no current amount or nomination deadline listed on website),"The ICIS Honorary Lifetime Membership Award recognizes distinguished career contributions to immunology and microbiology, particularly in the study of cytokines and interferons. This honor is bestowed by the International Cytokine & Interferon Society on researchers who have made significant scientific advances in understanding immune signaling, inflammatory responses, and antiviral mechanisms.",summarized_from_name
173,ICIS Howard A. Young Distinguished Service Award,International Cytokine & Interferon Society (ICIS),Immunology & Microbiology,All stages (ICIS members with extraordinary service to the Society),none (no monetary component stated on website),January-August awards,2026-03-13 00:00:00,https://cytokinesociety.org/distinguished-service-award/,"This award recognizes extraordinary service and leadership contributions to the International Cytokine & Interferon Society (ICIS) over an extended period. The award honors individuals who have demonstrated sustained volunteerism, impactful partnership development, governance leadership, or significant philanthropic commitment to advancing cytokine and interferon research and the scientific community studying these immune mediators.",summarized
174,Albert Einstein World Award of Science,World Cultural Council,Biomedical Research (and other areas of scientific and technological research and development),Senior-level,10000,January-August awards,2026-03-01 00:00:00,https://www.consejoculturalmundial.org/world-award-of-science/,"The Albert Einstein World Award of Science recognizes groundbreaking scientific and technological research and development across all disciplines that has substantially advanced human knowledge and benefited society. The award honors researchers who demonstrate originality, international impact, and sustained excellence, with particular consideration for work addressing global challenges in health, environment, technology, and related areas. Recipients are selected by an interdisciplinary committee of world-renowned scientists for their contributions that often span multiple fields and promote international scientific collaboration and innovation.",summarized
175,"Henry Grass, MD Rising Stars in Neuroscience Award",The Grass Foundation,Neuroscience & Neurology,Early-career – researchers not yet in a tenure-track position (key career transition stage),10000,January-August awards,2026-04-01 00:00:00 (next-cycle deadline not yet posted on website; current page still lists 2026 cycle information),https://grassfoundation.org/henry-grass-md-rising-stars-in-neuroscience-award/,The Henry Grass Rising Stars in Neuroscience Award recognizes postdoctoral neuroscientists from underrepresented groups who are 3-7 years post-PhD and pursuing independent research careers. The award targets early-career researchers across all neuroscience disciplines during a critical career stage when retention and advancement of diverse scientists in academic research is particularly vulnerable. Selection emphasizes both scientific accomplishment and demonstrated commitment to diversity advocacy and mentorship within the neuroscience community.,summarized
176,"Louis W. Sullivan, MD, Award",Association of American Medical Colleges (AAMC),Public Health & Policy (advancing health equity and workforce diversity),Middle to Senior-level,10000 (no specific amount stated on current AAMC website; amount retained from prior data – no current amount listed on website),January-August awards,2026-04-03 00:00:00,https://www.aamc.org/about-us/aamc-awards/sullivan,"The Louis W. Sullivan, MD, Award recognizes research and initiatives advancing health equity and workforce diversity in medicine and public health. This award targets scholars and leaders working to address disparities in healthcare access, outcomes, and representation, as well as those developing evidence-based strategies to diversify the medical workforce and leadership pipeline. The award supports work spanning epidemiology, health policy, implementation science, and organizational change efforts that promote equitable health systems and inclusive medical education.",summarized
177,National Medal of Science,U.S. National Science Foundation (on behalf of the President of the United States),"Biomedical Research (and other physical, biological, mathematical, engineering, social and behavioral sciences)",Senior-level,Gold Medal,January-August awards,TBD (NSF site indicates nomination windows vary by call; next nomination period not yet posted),https://beta.nsf.gov/od/honorary-awards/national-medal-of-science,"The National Medal of Science recognizes outstanding lifetime contributions to knowledge across physical, biological, mathematical, engineering, and social and behavioral sciences. The award honors researchers whose work has advanced fundamental understanding and addressed critical national needs across disciplines including astronomy, chemistry, computer science, geoscience, materials research, and STEM education. Recipients are selected by a presidential committee for decades-long careers demonstrating exceptional scientific achievement and service to the nation.",summarized
178,Inspiring Women in Science - Science Outreach Category,Nature Awards and The Estée Lauder Companies,Biomedical Research and broader STEM (science outreach to support girls and women in STEM),All stages (individuals or teams working on outreach for girls and women in STEM),50000,January-August awards,TBD (most recent calls use spring deadlines; deadline not yet posted for upcoming cycle),https://www.nature.com/immersive/inspiringwomeninscience/about/index.html,This award recognizes initiatives and individuals advancing women's participation in STEM through two categories: Science Outreach supports programs that engage girls and young women in STEM disciplines or improve retention of women in STEM careers through career development tools; Scientific Achievement honors women researchers who have made exceptional contributions to scientific discovery across STEM fields and demonstrate potential for independent research leadership. Both categories value interdisciplinary approaches and efforts to inspire the next generation of scientists.,summarized
179,Inspiring Women in Science - Scientific Achievement Category,Nature Awards and The Estée Lauder Companies,Biomedical Research and broader STEM,Early-career women scientists,50000,January-August awards,TBD (most recent calls use spring deadlines; deadline not yet posted for upcoming cycle),https://www.nature.com/immersive/inspiringwomeninscience/about/index.html,"The Scientific Achievement Category recognizes exceptional scientific discoveries and research contributions by women scientists who hold a doctorate obtained within the last 10 years and currently work in non-tenured positions across STEM disciplines. Applicants are evaluated on the quality and impact of their scientific achievements, publications, and demonstrated potential to lead independent research groups, with preference given to those who also engage in outreach or support women's retention in science careers.",summarized
180,ASCI Postbac Program,The American Society for Clinical Investigation,Medical Education / Physician-scientist career development,Postbaccalaureate (pre‑MD/MD‑PhD) aspiring physician-scientists,none (program participation only; no stipend or monetary award stated on website),January-August awards,TBD (application timeline not yet posted for upcoming cycle),https://beta.the-asci.org/the-asci-post-bac-program/,"The ASCI Postbaccalaureate Program is a two-year mentored research fellowship designed to prepare college graduates for physician-scientist careers by providing intensive training in basic science or translational research within ASCI member laboratories. Participants work under the supervision of postdoctoral physician-scientist mentors, conduct independent research projects, and receive comprehensive support including salary, health benefits, MCAT preparation, medical school application coaching, and networking opportunities to strengthen their competitiveness for MD and MD-PhD programs.",summarized
181,ETH Materials Research Prize for Young Investigators,"ETH Zurich, Department of Materials",Materials science and engineering,Assistant professor / equivalent independent young investigator,"CHF 10,000",January-August awards,TBD (deadline for next prize will be published; deadline not yet posted for upcoming cycle),https://mat.ethz.ch/materials-research-prize-for-young-investigators.html,"The ETH Materials Research Prize for Young Investigators recognizes outstanding contributions from early-career independent researchers who advance materials science through fundamental or applied research. The award targets discoveries of new material classes, novel phenomena with transformative applications, and work that substantially impacts understanding or applications of existing materials—spanning areas such as low-dimensional materials, bioelectronics, flexible electronics, multiferroic materials, and nanomaterials with biocompatibility.",summarized
182,Early Career Women Faculty Leadership Development Seminar,Association of American Medical Colleges (AAMC),Medical education and academic leadership,Early-career women faculty (assistant professors and select instructors),none (no award funding; fee-based leadership development seminar),January-August awards,"TBD (current seminar dates listed, but application/nomination deadline not clearly stated; deadline not yet posted for upcoming cycle)",https://web.cvent.com/event/96171410-2e98-4bf5-9b4d-173159a41276/summary?Refid=AO&utm_campaign=EWIMS-724&utm_content=AN1&utm_medium=Email&utm_source=Cvent,This seminar supports early-career women faculty in medicine and academic health professions through leadership development programming. It targets female physicians and researchers in the early stages of their academic careers who seek to advance into leadership roles within medical institutions and academic medicine.,summarized_from_name
183,Prix Galien USA,The Galien Foundation,"Life sciences, pharmaceuticals, biotechnology, medical technology, and digital health",All stages (industry and academic innovators),none (no monetary prize specified on website),January-August awards,TBD (nomination deadline not clearly stated on website for upcoming USA cycle; deadline not yet posted for upcoming cycle),https://www.galienfoundation.org/prix-galien-usa,"The Prix Galien USA recognizes leading-edge scientific innovations across life sciences, pharmaceuticals, biotechnology, medical technology, and digital health that have demonstrated clinical impact and enhanced human health. The award evaluates FDA-approved pharmaceutical products, biotechnology innovations, rare/orphan disease treatments, medical devices, digital health solutions, and emerging biotech startups, with selections made by prestigious international committees including Nobel laureates and industry leaders.",summarized
184,AACN-Gold Interprofessional Humanism in Healthcare Award,The Arnold P. Gold Foundation and the American Association of Colleges of Nursing (AACN),Humanism in healthcare / interprofessional practice,All stages (nurse–physician pairs or teams),none (no monetary component described on website),January-August awards,"TBD (eligibility and nomination information provided via AACN/Gold Foundation communications, but no standard annual deadline posted; deadline not yet posted for upcoming cycle)",https://www.gold-foundation.org/programs/aacn-gold-interprofessional-humanism-in-healthcare-award/,"This award recognizes interprofessional collaboration between nurses and physicians that advances humanism in healthcare, defined as clinically excellent care that is kind, safe, and trustworthy. The award targets research, programs, and initiatives that demonstrate how physician-nurse partnerships improve patient outcomes, enhance care delivery systems, and foster compassionate healthcare cultures. Research areas include interprofessional practice models, patient-centered communication, shared decision-making, and healthcare systems that prioritize both clinical excellence and humanistic values across diverse patient populations.",summarized
185,The Harvey Prize,Technion – Israel Institute of Technology,"Science, technology, human health, and contributions to peace in the Middle East",All stages (senior international scientists and leaders),"US $75,000",January-August awards,TBD (current call and deadline for next Harvey Prize cycle not posted; deadline not yet posted for upcoming cycle),https://harveypz.net.technion.ac.il/conditions-of-the-prize/,"The Harvey Prize recognizes outstanding achievements in science and technology, human health, and contributions to peace in the Middle East. Awards are given annually across a rotating five-year cycle to researchers and leaders whose work represents recent breakthroughs or whose past accomplishments have gained significant recognition. The prize targets individuals whose innovations and discoveries serve as inspiration to others and contribute to the greater public good across diverse scientific disciplines and humanitarian endeavors.",summarized
186,SfN Tianqiao and Chrissy Chen Young Investigator Award,"Society for Neuroscience (SfN), endowed by Tianqiao and Chrissy Chen Institute",Neuroscience,"Early-career neuroscientists (within 10 years of their PhD or MD at the time of nomination, excluding career breaks)","$25,000",January-August awards,TBD (SfN lists nomination window annually but no upcoming deadline currently posted; deadline not yet posted for upcoming cycle),https://www.sfn.org/careers/awards/early-career/young-investigator-award,"This award recognizes outstanding early-career neuroscientists who have demonstrated scholarly independence and made significant research contributions across all neuroscience disciplines. The award targets researchers in the early stages of independent careers who are advancing knowledge in any area of neuroscience, from molecular and cellular mechanisms to systems, cognitive, and translational neuroscience.",summarized
187,Bower Award and Prize for Achievement in Science,The Franklin Institute,Science (specific field varies annually by theme; includes biomedical and related sciences),Senior level scientists,"$250,000",January-August awards,"TBD (past cycles list specific deadlines, but the next nomination deadline is not yet posted; deadline not yet posted for upcoming cycle)",https://fi.edu/en/awards/nominations/bower-award-prize-achievement-science,"The 2027 Bower Award recognizes pioneering individual researchers who have made significant contributions to battery chemistry innovation. The award targets work on solid-state batteries, novel electrode materials, and alternatives to lithium-ion chemistry that advance energy storage capacity, charging speed, lifetime, safety, sustainability, and cost. Research should demonstrate both technical innovation and meaningful societal or economic impact in addressing the electrification demands of climate change mitigation and decarbonization.",summarized
188,American Medical Association Research Challenge,American Medical Association,Biomedical research and medical education research,"Medical students, residents, and fellows (early-career trainees)","$10,000 (top prize)",January-August awards,2026-07-16 00:00:00,https://www.ama-assn.org/member-benefits/events/ama-research-challenge,"The American Medical Association Research Challenge supports biomedical research and medical education research that advances physician training, clinical practice, and health outcomes. The award targets innovative studies in medical education methodology, healthcare delivery, physician wellness, health equity, and disease prevention across diverse clinical disciplines. Research may employ quantitative, qualitative, or implementation science approaches to address challenges in medical training, practice management, or population health.",summarized
189,Vilcek Prizes for Creative Promise in Biomedical Science,The Vilcek Foundation,Biomedical science,Early-career (immigrant biomedical scientists),"$50,000",January-August awards,2026-05-04 00:00:00,https://vilcek.org/prizes/vilcek-prizes-for-creative-promise/creative-promise-prizes-biomedical-science/,"The Vilcek Prize for Creative Promise in Biomedical Science recognizes young immigrant biomedical scientists (age 38 or under) who have demonstrated outstanding early achievement in basic, applied, or translational biomedical research. Applicants must hold independent, tenure-track academic positions, have authored peer-reviewed publications as corresponding authors, and show creative, innovative contributions to their biomedical research fields. The award emphasizes recognition of immigrant scientists' contributions to U.S. biomedical science and their potential for continued leadership in their disciplines.",summarized
190,Building the Foundation Award,Research!America,Public health and health research advocacy,All stages,Unknown (no amount listed on website; no current amount listed on website),January-August awards,TBD (Research!America site describes award but does not list a standard nomination deadline; deadline not yet posted for upcoming cycle),https://www.researchamerica.org/advocacy-awards/award-categories-benefactors/,"The Building the Foundation Award recognizes individuals whose basic research discoveries have made pivotal contributions to advancing public health. This award honors fundamental scientific breakthroughs that have translated into meaningful public health progress, celebrating the foundational role of basic research in addressing population health challenges.",summarized
191,Meeting the Moment for Public Health Award,Research!America,Public Health & Policy,All stages,Unknown (no current amount listed on website),January-August awards,TBD (deadline not yet posted for upcoming cycle; nominations for the 2027 Advocacy Awards will open in June 2026),https://www.researchamerica.org/advocacy-awards/award-categories-benefactors/,"The Meeting the Moment for Public Health Award recognizes individuals or organizations who have served as clear communicators of critical public health information to the public and demonstrated leadership in addressing urgent public health challenges. This award honors those who effectively translate and disseminate public health research and evidence to broad audiences during times of significant public health need. The award emphasizes science communication, public engagement, and advocacy that bridges the gap between research findings and public understanding of health issues.",summarized
192,Rapid Translation Award,Research!America,Public Health & Policy,All stages,Unknown (no current amount listed on website),January-August awards,TBD (deadline not yet posted for upcoming cycle; nominations for the 2027 Advocacy Awards will open in June 2026),https://www.researchamerica.org/advocacy-awards/award-categories-benefactors/,"The Rapid Translation Award honors public-private partnerships that have successfully accelerated the translation of research discoveries into practical public health interventions and outcomes. This award recognizes collaborative efforts that bridge the gap between basic or clinical research and real-world implementation, demonstrating measurable impact on population health. The award targets partnerships across academic institutions, government agencies, industry, and non-profit organizations working to advance health-related research translation and application.",summarized
193,Outstanding Achievement in Public Health Award,Research!America,Public Health & Policy,All stages,Unknown (no current amount listed on website),January-August awards,TBD (deadline not yet posted for upcoming cycle; nominations for the 2027 Advocacy Awards will open in June 2026),https://www.researchamerica.org/advocacy-awards/award-categories-benefactors/,"The Outstanding Achievement in Public Health Award recognizes exceptional contributions to public health through three categories: basic research discoveries advancing public health outcomes, rapid translation through public-private partnerships, and effective public health communication during critical moments. The award honors individuals and organizations demonstrating extraordinary impact in advancing public health research, translating discoveries into practice, and communicating health information to diverse audiences.",summarized
194,Builders of Science Award,Research!America,Research Advocacy,Senior level,Unknown (no current amount listed on website),January-August awards,TBD (deadline not yet posted for upcoming cycle; nominations for the 2027 Advocacy Awards will open in June 2026),https://www.researchamerica.org/advocacy-awards/award-categories-benefactors/,"The Builders of Science Award recognizes distinguished scientists and research administrators who have demonstrated exceptional commitment to research advocacy and have built or revitalized outstanding research institutions. The award targets highly accomplished leaders in medical, health, and scientific research who have made significant contributions to advancing research as a national priority and inspiring others to support science policy and funding.",summarized
195,Herbert Pardes Family Award for National Leadership in Advocacy for Research,Research!America,Research Advocacy,Senior level,Unknown (no current amount listed on website),January-August awards,TBD (deadline not yet posted for upcoming cycle; nominations for the 2027 Advocacy Awards will open in June 2026),https://www.researchamerica.org/advocacy-awards/award-categories-benefactors/,"This award recognizes individuals who demonstrate distinguished academic leadership and sustained commitment to public engagement and advocacy for research. Recipients are selected for their exceptional ability to communicate the value of research and innovation to diverse audiences and for inspiring others through their example to advance research advocacy at national, state, or local levels.",summarized
196,Paul G. Rogers Distinguished Organization Advocacy Award,Research!America,Research Advocacy,Senior level,Unknown (no current amount listed on website),January-August awards,TBD (deadline not yet posted for upcoming cycle; nominations for the 2027 Advocacy Awards will open in June 2026),https://www.researchamerica.org/advocacy-awards/award-categories-benefactors/,"The Paul G. Rogers Distinguished Organization Advocacy Award recognizes public or private organizations and institutions that demonstrate strong advocacy for medical, public health, or other health-related research at national, state, or local levels. This award honors organizations that effectively champion research funding, policy, and public engagement, particularly those that mobilize patient groups and stakeholders to advance the research agenda. The award celebrates organizations that exemplify sustained commitment to communicating the value and importance of health research to policymakers and the public.",summarized
197,Isadore Rosenfeld Award for Impact on Public Opinion,Research!America,Research Advocacy,All stages,Unknown (no current amount listed on website),January-August awards,TBD (deadline not yet posted for upcoming cycle; nominations for the 2027 Advocacy Awards will open in June 2026),https://www.researchamerica.org/advocacy-awards/award-categories-benefactors/,"The Isadore Rosenfeld Award for Impact on Public Opinion (now titled 'Award for Building Trust in Science') recognizes influential individuals whose research advocacy has meaningfully contributed to building public trust in science among the American public. The award targets researchers, scientists, and leaders who excel at communicating the value of research and innovation to broad audiences and who inspire others to engage in science advocacy and public engagement.",summarized
198,Gordon and Llura Gund Leadership Award,Research!America,Research Advocacy,All stages,Unknown (no current amount listed on website),January-August awards,TBD (deadline not yet posted for upcoming cycle; nominations for the 2027 Advocacy Awards will open in June 2026),https://www.researchamerica.org/advocacy-awards/award-categories-benefactors/,"The Gordon and Llura Gund Leadership Award honors individuals who have demonstrated significant advocacy contributions for medical, public health, or health-related research at community, local, state, or national levels. This award recognizes leadership in advancing public engagement, policy support, and institutional commitment to research funding and scientific innovation across diverse health disciplines.",summarized
199,Japan Prize,The Japan Prize Foundation,Multiple disciplines,Senior level,100 million yen + medal,January-August awards,2027-01-31 00:00:00 (deadline is typically the end of January following the announcement of fields; exact 2027 date not yet posted for the next cycle),https://www.japanprize.jp/en/index.html,"The Japan Prize recognizes scientists and engineers worldwide who have made significant contributions advancing science and technology for peace and prosperity. Two fields of scientific endeavor are honored annually, spanning diverse disciplines including electronics and information technology, life sciences, materials science, environmental sustainability, medical science, and pharmaceutical research. The award targets fundamental and applied research that demonstrates substantial impact on technological innovation and human welfare across multiple scientific domains.",summarized
