area,level,unit,unit_name,n,share,lift
aging_geroscience,division,N8555,Medicine / Geriatrics and Palliative Medicine,140,0.2869,13.132
aging_geroscience,division,N7724,Psychiatry / Hospital Programs,18,0.0369,4.719
aging_geroscience,department,N1240,Emergency Medicine,55,0.1127,4.073
aging_geroscience,department,N1500,Psychiatry,47,0.0963,3.143
aging_geroscience,division,N6235,"Surgery / Critical Care, Trauma and Burn Surgery",6,0.0123,2.704
aging_geroscience,division,N8835,Radiology / Diagnostic and Interventional Radiology,17,0.0348,2.397
aging_geroscience,division,N2856,Medicine / General Internal Medicine,65,0.1332,1.984
aging_geroscience,division,N3436,Population Health Sciences / Health Policy and Economics,23,0.0471,1.768
aging_geroscience,department,N1760,Brain and Mind Research,23,0.0471,1.671
aging_geroscience,department,N1280,Medicine,251,0.5143,1.465
aging_geroscience,department,N1520,Radiology,55,0.1127,1.408
aging_geroscience,department,N1300,Neurology,24,0.0492,1.352
aging_geroscience,division,N6383,Medicine / Endocrinology Diabetes and Metabolism,15,0.0307,1.301
aging_geroscience,division,N6252,Medicine / Pulmonary Medicine and Critical Care,12,0.0246,1.108
aging_geroscience,division,N7812,Medicine / Nephrology and Hypertension,7,0.0143,0.914
aging_geroscience,department,N1480,Population Health Sciences,71,0.1455,0.901
aging_geroscience,department,N1932,Library,2,0.0041,0.831
aging_geroscience,division,N4967,Medicine / Infectious Diseases,19,0.0389,0.746
aging_geroscience,department,N1540,Rehabilitation Medicine,1,0.002,0.663
aging_geroscience,department,N1140,Anesthesiology,12,0.0246,0.623
aging_geroscience,department,N1750,Pharmacology,8,0.0164,0.619
aging_geroscience,division,N9332,Medicine / Regenerative Medicine,3,0.0061,0.61
aging_geroscience,division,N2787,Population Health Sciences / Epidemiology,12,0.0246,0.578
aging_geroscience,division,N6382,Medicine / Cardiology,9,0.0184,0.493
aging_geroscience,department,N1560,Surgery,13,0.0266,0.476
aging_geroscience,department,N1710,Cell and Developmental Biology,1,0.002,0.445
aging_geroscience,department,N1360,Ophthalmology,2,0.0041,0.443
aging_geroscience,department,N1740,Systems and Computational Biomedicine,12,0.0246,0.44
aging_geroscience,department,N1400,Otolaryngology Head and Neck Surgery,4,0.0082,0.436
aging_geroscience,department,N1580,Urology,4,0.0082,0.372
aging_geroscience,division,N5687,Medicine / Medical Ethics,1,0.002,0.363
aging_geroscience,department,N1420,Pathology and Laboratory Medicine,15,0.0307,0.355
aging_geroscience,division,N7453,Medicine / Gastroenterology and Hepatology,7,0.0143,0.282
aging_geroscience,department,N1730,Microbiology and Immunology,3,0.0061,0.266
aging_geroscience,division,N8764,Obstetrics and Gynecology / General Obstetrics and Gynecology,1,0.002,0.264
aging_geroscience,division,N2466,Population Health Sciences / Comparative Effectiveness and Outcomes,5,0.0102,0.263
aging_geroscience,division,N8288,Pediatrics / Hematology and Oncology,1,0.002,0.258
aging_geroscience,department,N1320,Neurological Surgery,5,0.0102,0.253
aging_geroscience,department,N1340,Obstetrics and Gynecology,5,0.0102,0.251
aging_geroscience,department,N1160,Cardiothoracic Surgery,4,0.0082,0.241
aging_geroscience,department,N1530,Radiation Oncology,1,0.002,0.216
aging_geroscience,department,N1720,Genetic Medicine,1,0.002,0.157
aging_geroscience,division,N3632,Medicine / Hematology and Medical Oncology,4,0.0082,0.116
aging_geroscience,department,N1440,Pediatrics,3,0.0061,0.104
anesthesiology,department,N1140,Anesthesiology,101,0.7769,19.669
anesthesiology,department,N1160,Cardiothoracic Surgery,14,0.1077,3.17
anesthesiology,division,N3628,Obstetrics and Gynecology / Maternal Fetal Medicine,4,0.0308,2.9
anesthesiology,department,N1220,Dermatology,3,0.0231,2.537
anesthesiology,division,N7778,Surgery / Plastic and Reconstructive Surgery,3,0.0231,2.537
anesthesiology,department,N1540,Rehabilitation Medicine,1,0.0077,2.489
anesthesiology,department,N1932,Library,1,0.0077,1.559
anesthesiology,division,N5687,Medicine / Medical Ethics,1,0.0077,1.362
anesthesiology,department,N1320,Neurological Surgery,6,0.0462,1.14
anesthesiology,division,N7773,Obstetrics and Gynecology / Gyn-Oncology,1,0.0077,0.962
anesthesiology,department,N1340,Obstetrics and Gynecology,5,0.0385,0.943
anesthesiology,department,N1560,Surgery,6,0.0462,0.825
anesthesiology,division,N6382,Medicine / Cardiology,4,0.0308,0.823
anesthesiology,division,N5382,Pediatrics / General Pediatrics,1,0.0077,0.787
anesthesiology,department,N1580,Urology,2,0.0154,0.698
anesthesiology,division,N8835,Radiology / Diagnostic and Interventional Radiology,1,0.0077,0.529
anesthesiology,department,N1400,Otolaryngology Head and Neck Surgery,1,0.0077,0.41
anesthesiology,division,N6252,Medicine / Pulmonary Medicine and Critical Care,1,0.0077,0.346
anesthesiology,department,N1520,Radiology,3,0.0231,0.288
anesthesiology,department,N1240,Emergency Medicine,1,0.0077,0.278
anesthesiology,department,N1760,Brain and Mind Research,1,0.0077,0.273
anesthesiology,department,N1440,Pediatrics,2,0.0154,0.261
anesthesiology,department,N1500,Psychiatry,1,0.0077,0.251
anesthesiology,division,N2856,Medicine / General Internal Medicine,2,0.0154,0.229
anesthesiology,department,N1280,Medicine,9,0.0692,0.197
anesthesiology,division,N2466,Population Health Sciences / Comparative Effectiveness and Outcomes,1,0.0077,0.197
anesthesiology,department,N1420,Pathology and Laboratory Medicine,2,0.0154,0.178
anesthesiology,division,N7453,Medicine / Gastroenterology and Hepatology,1,0.0077,0.151
anesthesiology,department,N1480,Population Health Sciences,2,0.0154,0.095
autoimmune_rheumatologic_disease,division,N4328,Pediatrics / Endocrinology,1,0.0093,5.192
autoimmune_rheumatologic_disease,department,N1530,Radiation Oncology,5,0.0463,4.883
autoimmune_rheumatologic_disease,department,N1300,Neurology,17,0.1574,4.327
autoimmune_rheumatologic_disease,division,N8288,Pediatrics / Hematology and Oncology,3,0.0278,3.5
autoimmune_rheumatologic_disease,division,N6383,Medicine / Endocrinology Diabetes and Metabolism,8,0.0741,3.135
autoimmune_rheumatologic_disease,department,N1360,Ophthalmology,3,0.0278,3.005
autoimmune_rheumatologic_disease,department,N1540,Rehabilitation Medicine,1,0.0093,2.995
autoimmune_rheumatologic_disease,division,N3385,Pediatrics / Pulmonary and Allergy,1,0.0093,2.733
autoimmune_rheumatologic_disease,division,N6252,Medicine / Pulmonary Medicine and Critical Care,6,0.0556,2.502
autoimmune_rheumatologic_disease,division,N2856,Medicine / General Internal Medicine,15,0.1389,2.069
autoimmune_rheumatologic_disease,department,N1440,Pediatrics,13,0.1204,2.043
autoimmune_rheumatologic_disease,department,N1220,Dermatology,2,0.0185,2.036
autoimmune_rheumatologic_disease,department,N1932,Library,1,0.0093,1.877
autoimmune_rheumatologic_disease,division,N8555,Medicine / Geriatrics and Palliative Medicine,4,0.037,1.695
autoimmune_rheumatologic_disease,division,N8835,Radiology / Diagnostic and Interventional Radiology,2,0.0185,1.274
autoimmune_rheumatologic_disease,department,N1280,Medicine,48,0.4444,1.266
autoimmune_rheumatologic_disease,division,N7812,Medicine / Nephrology and Hypertension,2,0.0185,1.18
autoimmune_rheumatologic_disease,department,N1420,Pathology and Laboratory Medicine,11,0.1019,1.175
autoimmune_rheumatologic_disease,division,N7778,Surgery / Plastic and Reconstructive Surgery,1,0.0093,1.018
autoimmune_rheumatologic_disease,department,N1760,Brain and Mind Research,3,0.0278,0.985
autoimmune_rheumatologic_disease,department,N1520,Radiology,8,0.0741,0.925
autoimmune_rheumatologic_disease,division,N9332,Medicine / Regenerative Medicine,1,0.0093,0.919
autoimmune_rheumatologic_disease,division,N7453,Medicine / Gastroenterology and Hepatology,5,0.0463,0.91
autoimmune_rheumatologic_disease,division,N4967,Medicine / Infectious Diseases,5,0.0463,0.887
autoimmune_rheumatologic_disease,division,N3628,Obstetrics and Gynecology / Maternal Fetal Medicine,1,0.0093,0.873
autoimmune_rheumatologic_disease,division,N3632,Medicine / Hematology and Medical Oncology,6,0.0556,0.786
autoimmune_rheumatologic_disease,department,N1720,Genetic Medicine,1,0.0093,0.71
autoimmune_rheumatologic_disease,division,N6382,Medicine / Cardiology,2,0.0185,0.495
autoimmune_rheumatologic_disease,department,N1700,Biochemistry and Biophysics,1,0.0093,0.491
autoimmune_rheumatologic_disease,department,N1340,Obstetrics and Gynecology,2,0.0185,0.454
autoimmune_rheumatologic_disease,department,N1730,Microbiology and Immunology,1,0.0093,0.401
autoimmune_rheumatologic_disease,department,N1560,Surgery,2,0.0185,0.331
autoimmune_rheumatologic_disease,department,N1740,Systems and Computational Biomedicine,2,0.0185,0.331
autoimmune_rheumatologic_disease,department,N1500,Psychiatry,1,0.0093,0.302
autoimmune_rheumatologic_disease,department,N1480,Population Health Sciences,5,0.0463,0.287
autoimmune_rheumatologic_disease,department,N1320,Neurological Surgery,1,0.0093,0.229
autoimmune_rheumatologic_disease,division,N2787,Population Health Sciences / Epidemiology,1,0.0093,0.218
basic_neuroscience,department,N1760,Brain and Mind Research,144,0.3006,10.658
basic_neuroscience,department,N1700,Biochemistry and Biophysics,48,0.1002,5.318
basic_neuroscience,department,N1500,Psychiatry,76,0.1587,5.178
basic_neuroscience,division,N7724,Psychiatry / Hospital Programs,17,0.0355,4.54
basic_neuroscience,department,N1520,Radiology,102,0.2129,2.66
basic_neuroscience,division,N8835,Radiology / Diagnostic and Interventional Radiology,18,0.0376,2.586
basic_neuroscience,department,N1710,Cell and Developmental Biology,5,0.0104,2.266
basic_neuroscience,department,N1140,Anesthesiology,39,0.0814,2.061
basic_neuroscience,department,N1720,Genetic Medicine,10,0.0209,1.6
basic_neuroscience,department,N1320,Neurological Surgery,31,0.0647,1.599
basic_neuroscience,department,N1750,Pharmacology,17,0.0355,1.34
basic_neuroscience,division,N5687,Medicine / Medical Ethics,3,0.0063,1.109
basic_neuroscience,department,N1300,Neurology,19,0.0397,1.09
basic_neuroscience,division,N6235,"Surgery / Critical Care, Trauma and Burn Surgery",2,0.0042,0.918
basic_neuroscience,department,N1440,Pediatrics,22,0.0459,0.78
basic_neuroscience,department,N1540,Rehabilitation Medicine,1,0.0021,0.675
basic_neuroscience,division,N9332,Medicine / Regenerative Medicine,3,0.0063,0.622
basic_neuroscience,department,N1740,Systems and Computational Biomedicine,15,0.0313,0.56
basic_neuroscience,division,N7778,Surgery / Plastic and Reconstructive Surgery,2,0.0042,0.459
basic_neuroscience,department,N1530,Radiation Oncology,2,0.0042,0.44
basic_neuroscience,division,N4967,Medicine / Infectious Diseases,10,0.0209,0.4
basic_neuroscience,division,N3632,Medicine / Hematology and Medical Oncology,10,0.0209,0.295
basic_neuroscience,division,N7453,Medicine / Gastroenterology and Hepatology,7,0.0146,0.287
basic_neuroscience,department,N1580,Urology,3,0.0063,0.284
basic_neuroscience,division,N8764,Obstetrics and Gynecology / General Obstetrics and Gynecology,1,0.0021,0.269
basic_neuroscience,division,N8288,Pediatrics / Hematology and Oncology,1,0.0021,0.263
basic_neuroscience,department,N1280,Medicine,38,0.0793,0.226
basic_neuroscience,department,N1360,Ophthalmology,1,0.0021,0.226
basic_neuroscience,division,N5382,Pediatrics / General Pediatrics,1,0.0021,0.213
basic_neuroscience,department,N1420,Pathology and Laboratory Medicine,8,0.0167,0.193
basic_neuroscience,department,N1560,Surgery,5,0.0104,0.187
basic_neuroscience,department,N1730,Microbiology and Immunology,2,0.0042,0.181
basic_neuroscience,division,N6382,Medicine / Cardiology,3,0.0063,0.168
basic_neuroscience,department,N1340,Obstetrics and Gynecology,3,0.0063,0.154
basic_neuroscience,division,N6252,Medicine / Pulmonary Medicine and Critical Care,1,0.0021,0.094
basic_neuroscience,department,N1480,Population Health Sciences,6,0.0125,0.078
biochemistry_biophysics,department,N1700,Biochemistry and Biophysics,115,0.2352,12.48
biochemistry_biophysics,department,N1730,Microbiology and Immunology,72,0.1472,6.376
biochemistry_biophysics,department,N1750,Pharmacology,81,0.1656,6.255
biochemistry_biophysics,division,N3385,Pediatrics / Pulmonary and Allergy,5,0.0102,3.018
biochemistry_biophysics,department,N1140,Anesthesiology,56,0.1145,2.899
biochemistry_biophysics,department,N1710,Cell and Developmental Biology,6,0.0123,2.663
biochemistry_biophysics,department,N1760,Brain and Mind Research,35,0.0716,2.538
biochemistry_biophysics,department,N1530,Radiation Oncology,9,0.0184,1.941
biochemistry_biophysics,department,N1740,Systems and Computational Biomedicine,53,0.1084,1.939
biochemistry_biophysics,department,N1720,Genetic Medicine,7,0.0143,1.097
biochemistry_biophysics,division,N4967,Medicine / Infectious Diseases,28,0.0573,1.097
biochemistry_biophysics,department,N1220,Dermatology,4,0.0082,0.899
biochemistry_biophysics,department,N1420,Pathology and Laboratory Medicine,37,0.0757,0.873
biochemistry_biophysics,department,N1360,Ophthalmology,3,0.0061,0.664
biochemistry_biophysics,department,N1440,Pediatrics,18,0.0368,0.625
biochemistry_biophysics,division,N9332,Medicine / Regenerative Medicine,3,0.0061,0.609
biochemistry_biophysics,division,N6383,Medicine / Endocrinology Diabetes and Metabolism,6,0.0123,0.519
biochemistry_biophysics,division,N8288,Pediatrics / Hematology and Oncology,2,0.0041,0.515
biochemistry_biophysics,division,N8835,Radiology / Diagnostic and Interventional Radiology,3,0.0061,0.422
biochemistry_biophysics,department,N1280,Medicine,71,0.1452,0.413
biochemistry_biophysics,division,N3632,Medicine / Hematology and Medical Oncology,14,0.0286,0.405
biochemistry_biophysics,division,N7453,Medicine / Gastroenterology and Hepatology,10,0.0204,0.402
biochemistry_biophysics,department,N1340,Obstetrics and Gynecology,7,0.0143,0.351
biochemistry_biophysics,division,N8764,Obstetrics and Gynecology / General Obstetrics and Gynecology,1,0.002,0.264
biochemistry_biophysics,department,N1560,Surgery,6,0.0123,0.219
biochemistry_biophysics,division,N5382,Pediatrics / General Pediatrics,1,0.002,0.209
biochemistry_biophysics,department,N1500,Psychiatry,3,0.0061,0.2
biochemistry_biophysics,division,N6252,Medicine / Pulmonary Medicine and Critical Care,2,0.0041,0.184
biochemistry_biophysics,department,N1160,Cardiothoracic Surgery,3,0.0061,0.181
biochemistry_biophysics,department,N1520,Radiology,7,0.0143,0.179
biochemistry_biophysics,division,N6382,Medicine / Cardiology,3,0.0061,0.164
biochemistry_biophysics,department,N1300,Neurology,2,0.0041,0.112
biochemistry_biophysics,department,N1320,Neurological Surgery,2,0.0041,0.101
biochemistry_biophysics,department,N1580,Urology,1,0.002,0.093
biochemistry_biophysics,department,N1480,Population Health Sciences,7,0.0143,0.089
biochemistry_biophysics,division,N2466,Population Health Sciences / Comparative Effectiveness and Outcomes,1,0.002,0.052
biochemistry_biophysics,division,N2787,Population Health Sciences / Epidemiology,1,0.002,0.048
biochemistry_biophysics,division,N2856,Medicine / General Internal Medicine,1,0.002,0.03
bioethics_medical_humanities,division,N5687,Medicine / Medical Ethics,65,0.2321,41.108
bioethics_medical_humanities,division,N7225,Pediatrics / Child Development,1,0.0036,13.351
bioethics_medical_humanities,division,N7724,Psychiatry / Hospital Programs,8,0.0286,3.655
bioethics_medical_humanities,division,N5382,Pediatrics / General Pediatrics,10,0.0357,3.652
bioethics_medical_humanities,division,N7237,Surgery / Pediatric Surgery,1,0.0036,3.534
bioethics_medical_humanities,division,N3252,Pediatrics / Gastroenterology,2,0.0071,3.162
bioethics_medical_humanities,division,N8555,Medicine / Geriatrics and Palliative Medicine,18,0.0643,2.943
bioethics_medical_humanities,division,N6235,"Surgery / Critical Care, Trauma and Burn Surgery",3,0.0107,2.356
bioethics_medical_humanities,department,N1500,Psychiatry,19,0.0679,2.214
bioethics_medical_humanities,division,N3343,Pediatrics / Newborn Medicine,2,0.0071,2.146
bioethics_medical_humanities,department,N1520,Radiology,47,0.1679,2.097
bioethics_medical_humanities,department,N1240,Emergency Medicine,16,0.0571,2.065
bioethics_medical_humanities,division,N2856,Medicine / General Internal Medicine,28,0.1,1.489
bioethics_medical_humanities,division,N3436,Population Health Sciences / Health Policy and Economics,11,0.0393,1.474
bioethics_medical_humanities,department,N1932,Library,2,0.0071,1.448
bioethics_medical_humanities,department,N1280,Medicine,138,0.4929,1.403
bioethics_medical_humanities,department,N1400,Otolaryngology Head and Neck Surgery,7,0.025,1.331
bioethics_medical_humanities,division,N8835,Radiology / Diagnostic and Interventional Radiology,5,0.0179,1.229
bioethics_medical_humanities,division,N7812,Medicine / Nephrology and Hypertension,5,0.0179,1.138
bioethics_medical_humanities,division,N6252,Medicine / Pulmonary Medicine and Critical Care,7,0.025,1.126
bioethics_medical_humanities,department,N1440,Pediatrics,18,0.0643,1.091
bioethics_medical_humanities,division,N3628,Obstetrics and Gynecology / Maternal Fetal Medicine,3,0.0107,1.01
bioethics_medical_humanities,department,N1140,Anesthesiology,11,0.0393,0.995
bioethics_medical_humanities,division,N8764,Obstetrics and Gynecology / General Obstetrics and Gynecology,2,0.0071,0.921
bioethics_medical_humanities,division,N7773,Obstetrics and Gynecology / Gyn-Oncology,2,0.0071,0.893
bioethics_medical_humanities,department,N1340,Obstetrics and Gynecology,9,0.0321,0.788
bioethics_medical_humanities,department,N1480,Population Health Sciences,30,0.1071,0.664
bioethics_medical_humanities,department,N1580,Urology,4,0.0143,0.648
bioethics_medical_humanities,department,N1300,Neurology,6,0.0214,0.589
bioethics_medical_humanities,department,N1560,Surgery,8,0.0286,0.511
bioethics_medical_humanities,division,N6382,Medicine / Cardiology,5,0.0179,0.478
bioethics_medical_humanities,division,N8288,Pediatrics / Hematology and Oncology,1,0.0036,0.45
bioethics_medical_humanities,department,N1160,Cardiothoracic Surgery,4,0.0143,0.421
bioethics_medical_humanities,division,N7778,Surgery / Plastic and Reconstructive Surgery,1,0.0036,0.393
bioethics_medical_humanities,department,N1360,Ophthalmology,1,0.0036,0.386
bioethics_medical_humanities,department,N1760,Brain and Mind Research,3,0.0107,0.38
bioethics_medical_humanities,division,N3632,Medicine / Hematology and Medical Oncology,6,0.0214,0.303
bioethics_medical_humanities,department,N1720,Genetic Medicine,1,0.0036,0.274
bioethics_medical_humanities,division,N4967,Medicine / Infectious Diseases,4,0.0143,0.274
bioethics_medical_humanities,division,N7453,Medicine / Gastroenterology and Hepatology,3,0.0107,0.211
bioethics_medical_humanities,department,N1740,Systems and Computational Biomedicine,3,0.0107,0.192
bioethics_medical_humanities,division,N2466,Population Health Sciences / Comparative Effectiveness and Outcomes,2,0.0071,0.183
bioethics_medical_humanities,department,N1320,Neurological Surgery,2,0.0071,0.176
bioethics_medical_humanities,division,N2787,Population Health Sciences / Epidemiology,2,0.0071,0.168
bioethics_medical_humanities,division,N6383,Medicine / Endocrinology Diabetes and Metabolism,1,0.0036,0.151
bioethics_medical_humanities,department,N1420,Pathology and Laboratory Medicine,1,0.0036,0.041
biomedical_engineering,division,N7237,Surgery / Pediatric Surgery,1,0.0044,4.321
biomedical_engineering,department,N1560,Surgery,47,0.2052,3.669
biomedical_engineering,division,N3623,Surgery / Liver Transplantation Surgery,1,0.0044,3.265
biomedical_engineering,division,N6382,Medicine / Cardiology,27,0.1179,3.153
biomedical_engineering,department,N1320,Neurological Surgery,29,0.1266,3.128
biomedical_engineering,department,N1400,Otolaryngology Head and Neck Surgery,13,0.0568,3.022
biomedical_engineering,division,N7778,Surgery / Plastic and Reconstructive Surgery,6,0.0262,2.881
biomedical_engineering,department,N1540,Rehabilitation Medicine,2,0.0087,2.825
biomedical_engineering,department,N1520,Radiology,50,0.2183,2.728
biomedical_engineering,division,N7324,Surgery / Vascular Surgery,2,0.0087,2.511
biomedical_engineering,division,N5687,Medicine / Medical Ethics,2,0.0087,1.547
biomedical_engineering,division,N8835,Radiology / Diagnostic and Interventional Radiology,5,0.0218,1.502
biomedical_engineering,department,N1500,Psychiatry,10,0.0437,1.425
biomedical_engineering,department,N1750,Pharmacology,8,0.0349,1.319
biomedical_engineering,division,N3343,Pediatrics / Newborn Medicine,1,0.0044,1.312
biomedical_engineering,division,N9332,Medicine / Regenerative Medicine,3,0.0131,1.3
biomedical_engineering,division,N6383,Medicine / Endocrinology Diabetes and Metabolism,6,0.0262,1.109
biomedical_engineering,department,N1710,Cell and Developmental Biology,1,0.0044,0.948
biomedical_engineering,department,N1360,Ophthalmology,2,0.0087,0.945
biomedical_engineering,department,N1140,Anesthesiology,7,0.0306,0.774
biomedical_engineering,department,N1760,Brain and Mind Research,5,0.0218,0.774
biomedical_engineering,department,N1160,Cardiothoracic Surgery,6,0.0262,0.771
biomedical_engineering,division,N8537,Pediatrics / Infectious Disease,1,0.0044,0.724
biomedical_engineering,department,N1280,Medicine,49,0.214,0.609
biomedical_engineering,division,N7453,Medicine / Gastroenterology and Hepatology,6,0.0262,0.515
biomedical_engineering,department,N1300,Neurology,4,0.0175,0.48
biomedical_engineering,department,N1740,Systems and Computational Biomedicine,6,0.0262,0.469
biomedical_engineering,division,N8555,Medicine / Geriatrics and Palliative Medicine,2,0.0087,0.4
biomedical_engineering,department,N1580,Urology,2,0.0087,0.396
biomedical_engineering,division,N6252,Medicine / Pulmonary Medicine and Critical Care,2,0.0087,0.393
biomedical_engineering,department,N1730,Microbiology and Immunology,2,0.0087,0.378
biomedical_engineering,department,N1480,Population Health Sciences,13,0.0568,0.352
biomedical_engineering,department,N1440,Pediatrics,4,0.0175,0.297
biomedical_engineering,department,N1700,Biochemistry and Biophysics,1,0.0044,0.232
biomedical_engineering,department,N1340,Obstetrics and Gynecology,2,0.0087,0.214
biomedical_engineering,department,N1420,Pathology and Laboratory Medicine,2,0.0087,0.101
biomedical_engineering,division,N4967,Medicine / Infectious Diseases,1,0.0044,0.084
biomedical_engineering,division,N2856,Medicine / General Internal Medicine,1,0.0044,0.065
biomedical_engineering,division,N3632,Medicine / Hematology and Medical Oncology,1,0.0044,0.062
biomedical_informatics,division,N7284,Pediatrics / Genetics,1,0.0015,3.064
biomedical_informatics,department,N1932,Library,9,0.0139,2.824
biomedical_informatics,department,N1480,Population Health Sciences,280,0.4334,2.684
biomedical_informatics,department,N1400,Otolaryngology Head and Neck Surgery,27,0.0418,2.225
biomedical_informatics,department,N1740,Systems and Computational Biomedicine,78,0.1207,2.16
biomedical_informatics,department,N1520,Radiology,109,0.1687,2.108
biomedical_informatics,department,N1360,Ophthalmology,11,0.017,1.842
biomedical_informatics,division,N3436,Population Health Sciences / Health Policy and Economics,31,0.048,1.8
biomedical_informatics,division,N5382,Pediatrics / General Pediatrics,11,0.017,1.741
biomedical_informatics,department,N1500,Psychiatry,34,0.0526,1.718
biomedical_informatics,division,N7237,Surgery / Pediatric Surgery,1,0.0015,1.532
biomedical_informatics,division,N8524,Neurology / Neurophysiology,1,0.0015,1.335
biomedical_informatics,division,N3628,Obstetrics and Gynecology / Maternal Fetal Medicine,8,0.0124,1.167
biomedical_informatics,division,N7773,Obstetrics and Gynecology / Gyn-Oncology,6,0.0093,1.162
biomedical_informatics,division,N7724,Psychiatry / Hospital Programs,5,0.0077,0.99
biomedical_informatics,department,N1420,Pathology and Laboratory Medicine,53,0.082,0.947
biomedical_informatics,department,N1340,Obstetrics and Gynecology,24,0.0372,0.911
biomedical_informatics,division,N4328,Pediatrics / Endocrinology,1,0.0015,0.868
biomedical_informatics,division,N5687,Medicine / Medical Ethics,3,0.0046,0.822
biomedical_informatics,division,N8555,Medicine / Geriatrics and Palliative Medicine,11,0.017,0.779
biomedical_informatics,division,N6252,Medicine / Pulmonary Medicine and Critical Care,11,0.017,0.767
biomedical_informatics,department,N1440,Pediatrics,26,0.0402,0.683
biomedical_informatics,department,N1240,Emergency Medicine,12,0.0186,0.671
biomedical_informatics,division,N2856,Medicine / General Internal Medicine,29,0.0449,0.669
biomedical_informatics,department,N1760,Brain and Mind Research,11,0.017,0.604
biomedical_informatics,division,N6383,Medicine / Endocrinology Diabetes and Metabolism,9,0.0139,0.59
biomedical_informatics,division,N6382,Medicine / Cardiology,14,0.0217,0.58
biomedical_informatics,division,N3632,Medicine / Hematology and Medical Oncology,26,0.0402,0.569
biomedical_informatics,department,N1580,Urology,8,0.0124,0.562
biomedical_informatics,department,N1300,Neurology,13,0.0201,0.553
biomedical_informatics,department,N1280,Medicine,122,0.1889,0.538
biomedical_informatics,division,N7778,Surgery / Plastic and Reconstructive Surgery,3,0.0046,0.511
biomedical_informatics,division,N3343,Pediatrics / Newborn Medicine,1,0.0015,0.465
biomedical_informatics,division,N3385,Pediatrics / Pulmonary and Allergy,1,0.0015,0.457
biomedical_informatics,division,N7324,Surgery / Vascular Surgery,1,0.0015,0.445
biomedical_informatics,division,N8835,Radiology / Diagnostic and Interventional Radiology,4,0.0062,0.426
biomedical_informatics,division,N8764,Obstetrics and Gynecology / General Obstetrics and Gynecology,2,0.0031,0.399
biomedical_informatics,division,N7453,Medicine / Gastroenterology and Hepatology,12,0.0186,0.365
biomedical_informatics,division,N2787,Population Health Sciences / Epidemiology,10,0.0155,0.364
biomedical_informatics,department,N1720,Genetic Medicine,3,0.0046,0.356
biomedical_informatics,department,N1140,Anesthesiology,9,0.0139,0.353
biomedical_informatics,department,N1710,Cell and Developmental Biology,1,0.0015,0.336
biomedical_informatics,department,N1730,Microbiology and Immunology,5,0.0077,0.335
biomedical_informatics,division,N2466,Population Health Sciences / Comparative Effectiveness and Outcomes,8,0.0124,0.318
biomedical_informatics,division,N4967,Medicine / Infectious Diseases,10,0.0155,0.297
biomedical_informatics,department,N1560,Surgery,10,0.0155,0.277
biomedical_informatics,department,N1320,Neurological Surgery,7,0.0108,0.268
biomedical_informatics,division,N7812,Medicine / Nephrology and Hypertension,2,0.0031,0.197
biomedical_informatics,department,N1160,Cardiothoracic Surgery,4,0.0062,0.182
biomedical_informatics,department,N1220,Dermatology,1,0.0015,0.17
biomedical_informatics,department,N1530,Radiation Oncology,1,0.0015,0.163
biomedical_informatics,department,N1700,Biochemistry and Biophysics,1,0.0015,0.082
biomedical_informatics,department,N1750,Pharmacology,1,0.0015,0.058
biostatistics_quantitative_sciences,division,N2787,Population Health Sciences / Epidemiology,108,0.13,3.054
biostatistics_quantitative_sciences,division,N2466,Population Health Sciences / Comparative Effectiveness and Outcomes,92,0.1107,2.839
biostatistics_quantitative_sciences,department,N1480,Population Health Sciences,355,0.4272,2.646
biostatistics_quantitative_sciences,department,N1932,Library,10,0.012,2.439
biostatistics_quantitative_sciences,division,N8524,Neurology / Neurophysiology,2,0.0024,2.076
biostatistics_quantitative_sciences,department,N1160,Cardiothoracic Surgery,58,0.0698,2.054
biostatistics_quantitative_sciences,division,N3436,Population Health Sciences / Health Policy and Economics,41,0.0493,1.851
biostatistics_quantitative_sciences,division,N7724,Psychiatry / Hospital Programs,12,0.0144,1.847
biostatistics_quantitative_sciences,division,N3628,Obstetrics and Gynecology / Maternal Fetal Medicine,13,0.0156,1.474
biostatistics_quantitative_sciences,department,N1300,Neurology,41,0.0493,1.356
biostatistics_quantitative_sciences,division,N6252,Medicine / Pulmonary Medicine and Critical Care,25,0.0301,1.355
biostatistics_quantitative_sciences,department,N1580,Urology,24,0.0289,1.31
biostatistics_quantitative_sciences,division,N7237,Surgery / Pediatric Surgery,1,0.0012,1.191
biostatistics_quantitative_sciences,division,N2856,Medicine / General Internal Medicine,65,0.0782,1.165
biostatistics_quantitative_sciences,division,N6382,Medicine / Cardiology,33,0.0397,1.062
biostatistics_quantitative_sciences,division,N7324,Surgery / Vascular Surgery,3,0.0036,1.038
biostatistics_quantitative_sciences,department,N1500,Psychiatry,26,0.0313,1.021
biostatistics_quantitative_sciences,department,N1140,Anesthesiology,28,0.0337,0.853
biostatistics_quantitative_sciences,department,N1340,Obstetrics and Gynecology,27,0.0325,0.797
biostatistics_quantitative_sciences,department,N1280,Medicine,228,0.2744,0.781
biostatistics_quantitative_sciences,department,N1520,Radiology,47,0.0566,0.707
biostatistics_quantitative_sciences,division,N4328,Pediatrics / Endocrinology,1,0.0012,0.675
biostatistics_quantitative_sciences,division,N3632,Medicine / Hematology and Medical Oncology,39,0.0469,0.664
biostatistics_quantitative_sciences,department,N1320,Neurological Surgery,22,0.0265,0.654
biostatistics_quantitative_sciences,department,N1530,Radiation Oncology,5,0.006,0.635
biostatistics_quantitative_sciences,division,N8764,Obstetrics and Gynecology / General Obstetrics and Gynecology,4,0.0048,0.62
biostatistics_quantitative_sciences,division,N7812,Medicine / Nephrology and Hypertension,8,0.0096,0.613
biostatistics_quantitative_sciences,department,N1240,Emergency Medicine,14,0.0168,0.609
biostatistics_quantitative_sciences,division,N8555,Medicine / Geriatrics and Palliative Medicine,11,0.0132,0.606
biostatistics_quantitative_sciences,division,N7453,Medicine / Gastroenterology and Hepatology,25,0.0301,0.591
biostatistics_quantitative_sciences,department,N1740,Systems and Computational Biomedicine,25,0.0301,0.538
biostatistics_quantitative_sciences,department,N1560,Surgery,24,0.0289,0.516
biostatistics_quantitative_sciences,division,N6383,Medicine / Endocrinology Diabetes and Metabolism,10,0.012,0.509
biostatistics_quantitative_sciences,division,N4967,Medicine / Infectious Diseases,22,0.0265,0.507
biostatistics_quantitative_sciences,division,N5382,Pediatrics / General Pediatrics,4,0.0048,0.492
biostatistics_quantitative_sciences,department,N1720,Genetic Medicine,5,0.006,0.461
biostatistics_quantitative_sciences,division,N7778,Surgery / Plastic and Reconstructive Surgery,3,0.0036,0.397
biostatistics_quantitative_sciences,department,N1540,Rehabilitation Medicine,1,0.0012,0.389
biostatistics_quantitative_sciences,division,N3385,Pediatrics / Pulmonary and Allergy,1,0.0012,0.355
biostatistics_quantitative_sciences,department,N1440,Pediatrics,15,0.0181,0.306
biostatistics_quantitative_sciences,division,N7773,Obstetrics and Gynecology / Gyn-Oncology,2,0.0024,0.301
biostatistics_quantitative_sciences,department,N1760,Brain and Mind Research,7,0.0084,0.299
biostatistics_quantitative_sciences,division,N6235,"Surgery / Critical Care, Trauma and Burn Surgery",1,0.0012,0.265
biostatistics_quantitative_sciences,department,N1420,Pathology and Laboratory Medicine,19,0.0229,0.264
biostatistics_quantitative_sciences,department,N1360,Ophthalmology,2,0.0024,0.26
biostatistics_quantitative_sciences,department,N1400,Otolaryngology Head and Neck Surgery,4,0.0048,0.256
biostatistics_quantitative_sciences,division,N8835,Radiology / Diagnostic and Interventional Radiology,3,0.0036,0.248
biostatistics_quantitative_sciences,division,N5687,Medicine / Medical Ethics,1,0.0012,0.213
biostatistics_quantitative_sciences,department,N1700,Biochemistry and Biophysics,3,0.0036,0.192
biostatistics_quantitative_sciences,department,N1750,Pharmacology,2,0.0024,0.091
biostatistics_quantitative_sciences,department,N1730,Microbiology and Immunology,1,0.0012,0.052
breast_cancer,division,N7778,Surgery / Plastic and Reconstructive Surgery,36,0.0984,10.815
breast_cancer,division,N8758,Surgery / General Surgery,2,0.0055,6.566
breast_cancer,division,N2787,Population Health Sciences / Epidemiology,92,0.2514,5.906
breast_cancer,department,N1530,Radiation Oncology,20,0.0546,5.763
breast_cancer,department,N1560,Surgery,77,0.2104,3.761
breast_cancer,division,N7773,Obstetrics and Gynecology / Gyn-Oncology,9,0.0246,3.076
breast_cancer,division,N3632,Medicine / Hematology and Medical Oncology,71,0.194,2.745
breast_cancer,department,N1520,Radiology,63,0.1721,2.151
breast_cancer,department,N1480,Population Health Sciences,108,0.2951,1.827
breast_cancer,department,N1420,Pathology and Laboratory Medicine,46,0.1257,1.45
breast_cancer,department,N1720,Genetic Medicine,6,0.0164,1.256
breast_cancer,division,N8764,Obstetrics and Gynecology / General Obstetrics and Gynecology,3,0.0082,1.057
breast_cancer,department,N1740,Systems and Computational Biomedicine,20,0.0546,0.977
breast_cancer,department,N1540,Rehabilitation Medicine,1,0.0027,0.884
breast_cancer,department,N1340,Obstetrics and Gynecology,13,0.0355,0.871
breast_cancer,department,N1280,Medicine,95,0.2596,0.739
breast_cancer,department,N1750,Pharmacology,6,0.0164,0.619
breast_cancer,division,N2856,Medicine / General Internal Medicine,14,0.0383,0.57
breast_cancer,division,N8835,Radiology / Diagnostic and Interventional Radiology,3,0.0082,0.564
breast_cancer,department,N1160,Cardiothoracic Surgery,6,0.0164,0.483
breast_cancer,department,N1730,Microbiology and Immunology,4,0.0109,0.473
breast_cancer,division,N6383,Medicine / Endocrinology Diabetes and Metabolism,4,0.0109,0.463
breast_cancer,division,N7453,Medicine / Gastroenterology and Hepatology,6,0.0164,0.322
breast_cancer,department,N1700,Biochemistry and Biophysics,2,0.0055,0.29
breast_cancer,division,N9332,Medicine / Regenerative Medicine,1,0.0027,0.271
breast_cancer,department,N1320,Neurological Surgery,4,0.0109,0.27
breast_cancer,division,N3628,Obstetrics and Gynecology / Maternal Fetal Medicine,1,0.0027,0.257
breast_cancer,division,N6252,Medicine / Pulmonary Medicine and Critical Care,2,0.0055,0.246
breast_cancer,department,N1300,Neurology,3,0.0082,0.225
breast_cancer,division,N2466,Population Health Sciences / Comparative Effectiveness and Outcomes,2,0.0055,0.14
breast_cancer,department,N1140,Anesthesiology,2,0.0055,0.138
breast_cancer,department,N1580,Urology,1,0.0027,0.124
breast_cancer,division,N3436,Population Health Sciences / Health Policy and Economics,1,0.0027,0.102
cancer_biology_general,department,N1530,Radiation Oncology,31,0.0465,4.902
cancer_biology_general,department,N1750,Pharmacology,85,0.1274,4.812
cancer_biology_general,division,N8288,Pediatrics / Hematology and Oncology,23,0.0345,4.345
cancer_biology_general,department,N1740,Systems and Computational Biomedicine,153,0.2294,4.103
cancer_biology_general,department,N1420,Pathology and Laboratory Medicine,234,0.3508,4.048
cancer_biology_general,division,N3632,Medicine / Hematology and Medical Oncology,184,0.2759,3.903
cancer_biology_general,department,N1710,Cell and Developmental Biology,10,0.015,3.254
cancer_biology_general,department,N1730,Microbiology and Immunology,27,0.0405,1.753
cancer_biology_general,department,N1220,Dermatology,9,0.0135,1.484
cancer_biology_general,division,N9332,Medicine / Regenerative Medicine,9,0.0135,1.339
cancer_biology_general,department,N1160,Cardiothoracic Surgery,30,0.045,1.324
cancer_biology_general,department,N1280,Medicine,264,0.3958,1.127
cancer_biology_general,department,N1700,Biochemistry and Biophysics,14,0.021,1.114
cancer_biology_general,department,N1580,Urology,16,0.024,1.088
cancer_biology_general,division,N8764,Obstetrics and Gynecology / General Obstetrics and Gynecology,5,0.0075,0.966
cancer_biology_general,department,N1560,Surgery,31,0.0465,0.831
cancer_biology_general,department,N1720,Genetic Medicine,7,0.0105,0.804
cancer_biology_general,department,N1340,Obstetrics and Gynecology,18,0.027,0.662
cancer_biology_general,department,N1440,Pediatrics,24,0.036,0.611
cancer_biology_general,division,N2787,Population Health Sciences / Epidemiology,17,0.0255,0.599
cancer_biology_general,department,N1400,Otolaryngology Head and Neck Surgery,6,0.009,0.479
cancer_biology_general,department,N1480,Population Health Sciences,49,0.0735,0.455
cancer_biology_general,department,N1300,Neurology,10,0.015,0.412
cancer_biology_general,department,N1320,Neurological Surgery,11,0.0165,0.407
cancer_biology_general,division,N7773,Obstetrics and Gynecology / Gyn-Oncology,2,0.003,0.375
cancer_biology_general,division,N7453,Medicine / Gastroenterology and Hepatology,12,0.018,0.354
cancer_biology_general,department,N1760,Brain and Mind Research,6,0.009,0.319
cancer_biology_general,department,N1932,Library,1,0.0015,0.304
cancer_biology_general,department,N1520,Radiology,12,0.018,0.225
cancer_biology_general,division,N8835,Radiology / Diagnostic and Interventional Radiology,2,0.003,0.206
cancer_biology_general,division,N6252,Medicine / Pulmonary Medicine and Critical Care,3,0.0045,0.203
cancer_biology_general,division,N7778,Surgery / Plastic and Reconstructive Surgery,1,0.0015,0.165
cancer_biology_general,department,N1360,Ophthalmology,1,0.0015,0.162
cancer_biology_general,division,N6382,Medicine / Cardiology,4,0.006,0.16
cancer_biology_general,department,N1140,Anesthesiology,4,0.006,0.152
cancer_biology_general,division,N3628,Obstetrics and Gynecology / Maternal Fetal Medicine,1,0.0015,0.141
cancer_biology_general,division,N6383,Medicine / Endocrinology Diabetes and Metabolism,2,0.003,0.127
cancer_biology_general,division,N4967,Medicine / Infectious Diseases,4,0.006,0.115
cancer_biology_general,division,N2856,Medicine / General Internal Medicine,2,0.003,0.045
cardiovascular_disease,division,N6382,Medicine / Cardiology,381,0.3144,8.407
cardiovascular_disease,division,N7324,Surgery / Vascular Surgery,32,0.0264,7.592
cardiovascular_disease,division,N5676,Pediatrics / Cardiology,20,0.0165,6.61
cardiovascular_disease,department,N1160,Cardiothoracic Surgery,262,0.2162,6.363
cardiovascular_disease,department,N1932,Library,16,0.0132,2.676
cardiovascular_disease,division,N2466,Population Health Sciences / Comparative Effectiveness and Outcomes,108,0.0891,2.285
cardiovascular_disease,division,N2856,Medicine / General Internal Medicine,185,0.1526,2.273
cardiovascular_disease,division,N8524,Neurology / Neurophysiology,3,0.0025,2.135
cardiovascular_disease,department,N1300,Neurology,79,0.0652,1.792
cardiovascular_disease,department,N1720,Genetic Medicine,24,0.0198,1.518
cardiovascular_disease,department,N1280,Medicine,625,0.5157,1.468
cardiovascular_disease,department,N1140,Anesthesiology,63,0.052,1.316
cardiovascular_disease,division,N4967,Medicine / Infectious Diseases,61,0.0503,0.964
cardiovascular_disease,department,N1710,Cell and Developmental Biology,5,0.0041,0.895
cardiovascular_disease,department,N1480,Population Health Sciences,172,0.1419,0.879
cardiovascular_disease,department,N1240,Emergency Medicine,28,0.0231,0.835
cardiovascular_disease,department,N1760,Brain and Mind Research,27,0.0223,0.79
cardiovascular_disease,division,N5472,Pediatrics / Nephrology,2,0.0017,0.761
cardiovascular_disease,division,N3343,Pediatrics / Newborn Medicine,3,0.0025,0.744
cardiovascular_disease,division,N7812,Medicine / Nephrology and Hypertension,14,0.0116,0.736
cardiovascular_disease,division,N6383,Medicine / Endocrinology Diabetes and Metabolism,21,0.0173,0.733
cardiovascular_disease,department,N1560,Surgery,46,0.038,0.679
cardiovascular_disease,division,N6252,Medicine / Pulmonary Medicine and Critical Care,15,0.0124,0.557
cardiovascular_disease,department,N1440,Pediatrics,37,0.0305,0.518
cardiovascular_disease,division,N9332,Medicine / Regenerative Medicine,6,0.005,0.491
cardiovascular_disease,department,N1520,Radiology,46,0.038,0.474
cardiovascular_disease,division,N8555,Medicine / Geriatrics and Palliative Medicine,11,0.0091,0.415
cardiovascular_disease,division,N8835,Radiology / Diagnostic and Interventional Radiology,7,0.0058,0.397
cardiovascular_disease,division,N6235,"Surgery / Critical Care, Trauma and Burn Surgery",2,0.0017,0.363
cardiovascular_disease,division,N2787,Population Health Sciences / Epidemiology,16,0.0132,0.31
cardiovascular_disease,department,N1360,Ophthalmology,3,0.0025,0.268
cardiovascular_disease,department,N1730,Microbiology and Immunology,7,0.0058,0.25
cardiovascular_disease,division,N3385,Pediatrics / Pulmonary and Allergy,1,0.0008,0.244
cardiovascular_disease,division,N3628,Obstetrics and Gynecology / Maternal Fetal Medicine,3,0.0025,0.233
cardiovascular_disease,division,N3632,Medicine / Hematology and Medical Oncology,20,0.0165,0.233
cardiovascular_disease,department,N1700,Biochemistry and Biophysics,5,0.0041,0.219
cardiovascular_disease,division,N3436,Population Health Sciences / Health Policy and Economics,7,0.0058,0.217
cardiovascular_disease,division,N8764,Obstetrics and Gynecology / General Obstetrics and Gynecology,2,0.0017,0.213
cardiovascular_disease,department,N1420,Pathology and Laboratory Medicine,22,0.0182,0.209
cardiovascular_disease,department,N1340,Obstetrics and Gynecology,9,0.0074,0.182
cardiovascular_disease,department,N1740,Systems and Computational Biomedicine,12,0.0099,0.177
cardiovascular_disease,division,N7453,Medicine / Gastroenterology and Hepatology,9,0.0074,0.146
cardiovascular_disease,department,N1400,Otolaryngology Head and Neck Surgery,3,0.0025,0.132
cardiovascular_disease,department,N1320,Neurological Surgery,6,0.005,0.122
cardiovascular_disease,division,N8288,Pediatrics / Hematology and Oncology,1,0.0008,0.104
cardiovascular_disease,division,N7773,Obstetrics and Gynecology / Gyn-Oncology,1,0.0008,0.103
cardiovascular_disease,department,N1220,Dermatology,1,0.0008,0.091
cardiovascular_disease,department,N1750,Pharmacology,2,0.0017,0.062
cell_molecular_biology,department,N1700,Biochemistry and Biophysics,161,0.1013,5.374
cell_molecular_biology,department,N1710,Cell and Developmental Biology,37,0.0233,5.051
cell_molecular_biology,department,N1750,Pharmacology,175,0.1101,4.156
cell_molecular_biology,department,N1730,Microbiology and Immunology,145,0.0912,3.949
cell_molecular_biology,division,N9332,Medicine / Regenerative Medicine,61,0.0384,3.808
cell_molecular_biology,department,N1760,Brain and Mind Research,168,0.1057,3.746
cell_molecular_biology,department,N1740,Systems and Computational Biomedicine,218,0.1371,2.452
cell_molecular_biology,division,N5676,Pediatrics / Cardiology,9,0.0057,2.267
cell_molecular_biology,department,N1720,Genetic Medicine,47,0.0296,2.265
cell_molecular_biology,division,N8288,Pediatrics / Hematology and Oncology,26,0.0164,2.061
cell_molecular_biology,department,N1530,Radiation Oncology,31,0.0195,2.056
cell_molecular_biology,department,N1420,Pathology and Laboratory Medicine,253,0.1591,1.836
cell_molecular_biology,department,N1220,Dermatology,23,0.0145,1.59
cell_molecular_biology,division,N6252,Medicine / Pulmonary Medicine and Critical Care,50,0.0314,1.416
cell_molecular_biology,division,N3623,Surgery / Liver Transplantation Surgery,3,0.0019,1.411
cell_molecular_biology,division,N3252,Pediatrics / Gastroenterology,5,0.0031,1.392
cell_molecular_biology,division,N7812,Medicine / Nephrology and Hypertension,34,0.0214,1.363
cell_molecular_biology,division,N3385,Pediatrics / Pulmonary and Allergy,7,0.0044,1.299
cell_molecular_biology,division,N7284,Pediatrics / Genetics,1,0.0006,1.245
cell_molecular_biology,division,N3632,Medicine / Hematology and Medical Oncology,135,0.0849,1.201
cell_molecular_biology,division,N7453,Medicine / Gastroenterology and Hepatology,88,0.0553,1.088
cell_molecular_biology,division,N4967,Medicine / Infectious Diseases,85,0.0535,1.024
cell_molecular_biology,department,N1140,Anesthesiology,61,0.0384,0.971
cell_molecular_biology,department,N1440,Pediatrics,89,0.056,0.95
cell_molecular_biology,department,N1280,Medicine,508,0.3195,0.91
cell_molecular_biology,division,N6383,Medicine / Endocrinology Diabetes and Metabolism,33,0.0208,0.878
cell_molecular_biology,division,N5472,Pediatrics / Nephrology,3,0.0019,0.87
cell_molecular_biology,department,N1340,Obstetrics and Gynecology,47,0.0296,0.725
cell_molecular_biology,department,N1560,Surgery,62,0.039,0.697
cell_molecular_biology,division,N8537,Pediatrics / Infectious Disease,6,0.0038,0.625
cell_molecular_biology,department,N1500,Psychiatry,29,0.0182,0.595
cell_molecular_biology,division,N6382,Medicine / Cardiology,29,0.0182,0.488
cell_molecular_biology,department,N1160,Cardiothoracic Surgery,26,0.0164,0.481
cell_molecular_biology,department,N1360,Ophthalmology,6,0.0038,0.408
cell_molecular_biology,division,N4328,Pediatrics / Endocrinology,1,0.0006,0.353
cell_molecular_biology,department,N1580,Urology,12,0.0075,0.342
cell_molecular_biology,department,N1320,Neurological Surgery,20,0.0126,0.311
cell_molecular_biology,division,N3628,Obstetrics and Gynecology / Maternal Fetal Medicine,5,0.0031,0.296
cell_molecular_biology,division,N8835,Radiology / Diagnostic and Interventional Radiology,6,0.0038,0.26
cell_molecular_biology,department,N1300,Neurology,14,0.0088,0.242
cell_molecular_biology,department,N1480,Population Health Sciences,52,0.0327,0.203
cell_molecular_biology,department,N1540,Rehabilitation Medicine,1,0.0006,0.203
cell_molecular_biology,department,N1400,Otolaryngology Head and Neck Surgery,6,0.0038,0.201
cell_molecular_biology,division,N3343,Pediatrics / Newborn Medicine,1,0.0006,0.189
cell_molecular_biology,division,N8764,Obstetrics and Gynecology / General Obstetrics and Gynecology,2,0.0013,0.162
cell_molecular_biology,division,N7773,Obstetrics and Gynecology / Gyn-Oncology,2,0.0013,0.157
cell_molecular_biology,division,N2787,Population Health Sciences / Epidemiology,10,0.0063,0.148
cell_molecular_biology,department,N1520,Radiology,18,0.0113,0.141
cell_molecular_biology,division,N7778,Surgery / Plastic and Reconstructive Surgery,2,0.0013,0.138
cell_molecular_biology,department,N1932,Library,1,0.0006,0.127
cell_molecular_biology,division,N2466,Population Health Sciences / Comparative Effectiveness and Outcomes,6,0.0038,0.097
cell_molecular_biology,division,N2856,Medicine / General Internal Medicine,7,0.0044,0.066
cell_molecular_biology,division,N5382,Pediatrics / General Pediatrics,1,0.0006,0.064
cell_molecular_biology,department,N1240,Emergency Medicine,1,0.0006,0.023
clinical_neurology,department,N1300,Neurology,288,0.3482,9.573
clinical_neurology,division,N8524,Neurology / Neurophysiology,9,0.0109,9.388
clinical_neurology,department,N1320,Neurological Surgery,179,0.2164,5.347
clinical_neurology,division,N8835,Radiology / Diagnostic and Interventional Radiology,59,0.0713,4.909
clinical_neurology,division,N7225,Pediatrics / Child Development,1,0.0012,4.52
clinical_neurology,division,N5687,Medicine / Medical Ethics,21,0.0254,4.497
clinical_neurology,division,N7778,Surgery / Plastic and Reconstructive Surgery,26,0.0314,3.457
clinical_neurology,division,N6383,Medicine / Endocrinology Diabetes and Metabolism,61,0.0738,3.122
clinical_neurology,department,N1760,Brain and Mind Research,65,0.0786,2.787
clinical_neurology,department,N1540,Rehabilitation Medicine,6,0.0073,2.347
clinical_neurology,department,N1520,Radiology,146,0.1765,2.206
clinical_neurology,department,N1360,Ophthalmology,15,0.0181,1.962
clinical_neurology,division,N6235,"Surgery / Critical Care, Trauma and Burn Surgery",5,0.006,1.33
clinical_neurology,division,N7724,Psychiatry / Hospital Programs,8,0.0097,1.238
clinical_neurology,department,N1440,Pediatrics,58,0.0701,1.191
clinical_neurology,department,N1500,Psychiatry,29,0.0351,1.144
clinical_neurology,division,N5472,Pediatrics / Nephrology,2,0.0024,1.115
clinical_neurology,division,N3343,Pediatrics / Newborn Medicine,3,0.0036,1.09
clinical_neurology,division,N5676,Pediatrics / Cardiology,2,0.0024,0.969
clinical_neurology,division,N3623,Surgery / Liver Transplantation Surgery,1,0.0012,0.904
clinical_neurology,department,N1140,Anesthesiology,26,0.0314,0.796
clinical_neurology,division,N2787,Population Health Sciences / Epidemiology,26,0.0314,0.739
clinical_neurology,department,N1560,Surgery,33,0.0399,0.713
clinical_neurology,department,N1720,Genetic Medicine,7,0.0085,0.649
clinical_neurology,department,N1530,Radiation Oncology,5,0.006,0.638
clinical_neurology,department,N1240,Emergency Medicine,13,0.0157,0.568
clinical_neurology,department,N1480,Population Health Sciences,70,0.0846,0.524
clinical_neurology,division,N6252,Medicine / Pulmonary Medicine and Critical Care,9,0.0109,0.49
clinical_neurology,department,N1280,Medicine,139,0.1681,0.479
clinical_neurology,department,N1400,Otolaryngology Head and Neck Surgery,6,0.0073,0.386
clinical_neurology,division,N3385,Pediatrics / Pulmonary and Allergy,1,0.0012,0.357
clinical_neurology,division,N6382,Medicine / Cardiology,11,0.0133,0.356
clinical_neurology,division,N7324,Surgery / Vascular Surgery,1,0.0012,0.348
clinical_neurology,division,N2856,Medicine / General Internal Medicine,16,0.0193,0.288
clinical_neurology,division,N8555,Medicine / Geriatrics and Palliative Medicine,5,0.006,0.277
clinical_neurology,department,N1710,Cell and Developmental Biology,1,0.0012,0.262
clinical_neurology,division,N5382,Pediatrics / General Pediatrics,2,0.0024,0.247
clinical_neurology,department,N1932,Library,1,0.0012,0.245
clinical_neurology,department,N1420,Pathology and Laboratory Medicine,15,0.0181,0.209
clinical_neurology,division,N4967,Medicine / Infectious Diseases,9,0.0109,0.209
clinical_neurology,department,N1700,Biochemistry and Biophysics,3,0.0036,0.193
clinical_neurology,division,N8288,Pediatrics / Hematology and Oncology,1,0.0012,0.152
clinical_neurology,division,N7453,Medicine / Gastroenterology and Hepatology,6,0.0073,0.143
clinical_neurology,division,N2466,Population Health Sciences / Comparative Effectiveness and Outcomes,4,0.0048,0.124
clinical_neurology,division,N3628,Obstetrics and Gynecology / Maternal Fetal Medicine,1,0.0012,0.114
clinical_neurology,department,N1730,Microbiology and Immunology,2,0.0024,0.105
clinical_neurology,division,N3436,Population Health Sciences / Health Policy and Economics,2,0.0024,0.091
clinical_neurology,department,N1340,Obstetrics and Gynecology,3,0.0036,0.089
clinical_neurology,division,N3632,Medicine / Hematology and Medical Oncology,5,0.006,0.086
clinical_neurology,division,N7812,Medicine / Nephrology and Hypertension,1,0.0012,0.077
clinical_neurology,department,N1740,Systems and Computational Biomedicine,1,0.0012,0.022
dermatology_skin_disease,department,N1220,Dermatology,89,0.5394,59.307
dermatology_skin_disease,division,N7778,Surgery / Plastic and Reconstructive Surgery,5,0.0303,3.332
dermatology_skin_disease,department,N1420,Pathology and Laboratory Medicine,35,0.2121,2.447
dermatology_skin_disease,department,N1400,Otolaryngology Head and Neck Surgery,7,0.0424,2.258
dermatology_skin_disease,department,N1750,Pharmacology,8,0.0485,1.831
dermatology_skin_disease,department,N1360,Ophthalmology,2,0.0121,1.311
dermatology_skin_disease,department,N1560,Surgery,12,0.0727,1.3
dermatology_skin_disease,department,N1530,Radiation Oncology,2,0.0121,1.278
dermatology_skin_disease,division,N3632,Medicine / Hematology and Medical Oncology,10,0.0606,0.857
dermatology_skin_disease,division,N8764,Obstetrics and Gynecology / General Obstetrics and Gynecology,1,0.0061,0.781
dermatology_skin_disease,division,N5382,Pediatrics / General Pediatrics,1,0.0061,0.62
dermatology_skin_disease,division,N9332,Medicine / Regenerative Medicine,1,0.0061,0.602
dermatology_skin_disease,department,N1720,Genetic Medicine,1,0.0061,0.464
dermatology_skin_disease,division,N7812,Medicine / Nephrology and Hypertension,1,0.0061,0.386
dermatology_skin_disease,division,N4967,Medicine / Infectious Diseases,3,0.0182,0.348
dermatology_skin_disease,department,N1280,Medicine,20,0.1212,0.345
dermatology_skin_disease,department,N1740,Systems and Computational Biomedicine,3,0.0182,0.325
dermatology_skin_disease,department,N1700,Biochemistry and Biophysics,1,0.0061,0.322
dermatology_skin_disease,department,N1340,Obstetrics and Gynecology,2,0.0121,0.297
dermatology_skin_disease,division,N6252,Medicine / Pulmonary Medicine and Critical Care,1,0.0061,0.273
dermatology_skin_disease,division,N6383,Medicine / Endocrinology Diabetes and Metabolism,1,0.0061,0.256
dermatology_skin_disease,department,N1480,Population Health Sciences,6,0.0364,0.225
dermatology_skin_disease,department,N1240,Emergency Medicine,1,0.0061,0.219
dermatology_skin_disease,department,N1140,Anesthesiology,1,0.0061,0.153
dermatology_skin_disease,department,N1440,Pediatrics,1,0.0061,0.103
developmental_biology,department,N1710,Cell and Developmental Biology,15,0.0888,19.266
developmental_biology,division,N9332,Medicine / Regenerative Medicine,25,0.1479,14.682
developmental_biology,division,N5676,Pediatrics / Cardiology,5,0.0296,11.85
developmental_biology,department,N1760,Brain and Mind Research,24,0.142,5.035
developmental_biology,department,N1700,Biochemistry and Biophysics,12,0.071,3.768
developmental_biology,division,N4328,Pediatrics / Endocrinology,1,0.0059,3.318
developmental_biology,department,N1740,Systems and Computational Biomedicine,24,0.142,2.54
developmental_biology,department,N1340,Obstetrics and Gynecology,16,0.0947,2.322
developmental_biology,department,N1730,Microbiology and Immunology,9,0.0533,2.306
developmental_biology,department,N1560,Surgery,21,0.1243,2.221
developmental_biology,division,N3343,Pediatrics / Newborn Medicine,1,0.0059,1.778
developmental_biology,department,N1420,Pathology and Laboratory Medicine,25,0.1479,1.707
developmental_biology,division,N3628,Obstetrics and Gynecology / Maternal Fetal Medicine,3,0.0178,1.673
developmental_biology,department,N1750,Pharmacology,6,0.0355,1.341
developmental_biology,department,N1220,Dermatology,2,0.0118,1.301
developmental_biology,department,N1280,Medicine,59,0.3491,0.994
developmental_biology,department,N1440,Pediatrics,8,0.0473,0.804
developmental_biology,division,N6383,Medicine / Endocrinology Diabetes and Metabolism,3,0.0178,0.751
developmental_biology,division,N3632,Medicine / Hematology and Medical Oncology,8,0.0473,0.67
developmental_biology,department,N1360,Ophthalmology,1,0.0059,0.64
developmental_biology,department,N1530,Radiation Oncology,1,0.0059,0.624
developmental_biology,department,N1320,Neurological Surgery,4,0.0237,0.585
developmental_biology,department,N1500,Psychiatry,3,0.0178,0.579
developmental_biology,division,N6252,Medicine / Pulmonary Medicine and Critical Care,2,0.0118,0.533
developmental_biology,department,N1300,Neurology,3,0.0178,0.488
developmental_biology,division,N7453,Medicine / Gastroenterology and Hepatology,4,0.0237,0.465
developmental_biology,department,N1720,Genetic Medicine,1,0.0059,0.453
developmental_biology,division,N7812,Medicine / Nephrology and Hypertension,1,0.0059,0.377
developmental_biology,department,N1160,Cardiothoracic Surgery,2,0.0118,0.348
developmental_biology,department,N1140,Anesthesiology,2,0.0118,0.3
developmental_biology,department,N1580,Urology,1,0.0059,0.268
developmental_biology,department,N1520,Radiology,3,0.0178,0.222
developmental_biology,division,N6382,Medicine / Cardiology,1,0.0059,0.158
developmental_biology,division,N4967,Medicine / Infectious Diseases,1,0.0059,0.113
developmental_biology,department,N1480,Population Health Sciences,3,0.0178,0.11
digital_health_telemedicine,division,N7724,Psychiatry / Hospital Programs,22,0.0641,8.205
digital_health_telemedicine,division,N8555,Medicine / Geriatrics and Palliative Medicine,55,0.1603,7.34
digital_health_telemedicine,division,N7773,Obstetrics and Gynecology / Gyn-Oncology,14,0.0408,5.105
digital_health_telemedicine,department,N1500,Psychiatry,46,0.1341,4.376
digital_health_telemedicine,department,N1540,Rehabilitation Medicine,4,0.0117,3.773
digital_health_telemedicine,division,N3436,Population Health Sciences / Health Policy and Economics,31,0.0904,3.39
digital_health_telemedicine,department,N1240,Emergency Medicine,30,0.0875,3.161
digital_health_telemedicine,division,N5382,Pediatrics / General Pediatrics,9,0.0262,2.683
digital_health_telemedicine,division,N8764,Obstetrics and Gynecology / General Obstetrics and Gynecology,7,0.0204,2.631
digital_health_telemedicine,department,N1400,Otolaryngology Head and Neck Surgery,14,0.0408,2.173
digital_health_telemedicine,division,N6235,"Surgery / Critical Care, Trauma and Burn Surgery",3,0.0087,1.923
digital_health_telemedicine,department,N1340,Obstetrics and Gynecology,25,0.0729,1.787
digital_health_telemedicine,division,N3343,Pediatrics / Newborn Medicine,2,0.0058,1.752
digital_health_telemedicine,department,N1480,Population Health Sciences,91,0.2653,1.643
digital_health_telemedicine,division,N4328,Pediatrics / Endocrinology,1,0.0029,1.635
digital_health_telemedicine,department,N1360,Ophthalmology,5,0.0146,1.577
digital_health_telemedicine,division,N6383,Medicine / Endocrinology Diabetes and Metabolism,11,0.0321,1.357
digital_health_telemedicine,division,N2466,Population Health Sciences / Comparative Effectiveness and Outcomes,18,0.0525,1.346
digital_health_telemedicine,division,N2856,Medicine / General Internal Medicine,30,0.0875,1.303
digital_health_telemedicine,division,N7453,Medicine / Gastroenterology and Hepatology,22,0.0641,1.261
digital_health_telemedicine,department,N1932,Library,2,0.0058,1.182
digital_health_telemedicine,department,N1280,Medicine,139,0.4052,1.154
digital_health_telemedicine,division,N6382,Medicine / Cardiology,13,0.0379,1.014
digital_health_telemedicine,department,N1320,Neurological Surgery,13,0.0379,0.936
digital_health_telemedicine,division,N7324,Surgery / Vascular Surgery,1,0.0029,0.838
digital_health_telemedicine,department,N1140,Anesthesiology,11,0.0321,0.812
digital_health_telemedicine,department,N1440,Pediatrics,14,0.0408,0.693
digital_health_telemedicine,department,N1520,Radiology,16,0.0466,0.583
digital_health_telemedicine,division,N3628,Obstetrics and Gynecology / Maternal Fetal Medicine,2,0.0058,0.55
digital_health_telemedicine,division,N5687,Medicine / Medical Ethics,1,0.0029,0.516
digital_health_telemedicine,department,N1300,Neurology,6,0.0175,0.481
digital_health_telemedicine,department,N1560,Surgery,9,0.0262,0.469
digital_health_telemedicine,division,N6252,Medicine / Pulmonary Medicine and Critical Care,3,0.0087,0.394
digital_health_telemedicine,division,N7812,Medicine / Nephrology and Hypertension,2,0.0058,0.372
digital_health_telemedicine,department,N1220,Dermatology,1,0.0029,0.321
digital_health_telemedicine,division,N7778,Surgery / Plastic and Reconstructive Surgery,1,0.0029,0.321
digital_health_telemedicine,department,N1740,Systems and Computational Biomedicine,5,0.0146,0.261
digital_health_telemedicine,division,N4967,Medicine / Infectious Diseases,4,0.0117,0.223
digital_health_telemedicine,division,N8835,Radiology / Diagnostic and Interventional Radiology,1,0.0029,0.201
digital_health_telemedicine,division,N3632,Medicine / Hematology and Medical Oncology,4,0.0117,0.165
digital_health_telemedicine,division,N2787,Population Health Sciences / Epidemiology,2,0.0058,0.137
digital_health_telemedicine,department,N1580,Urology,1,0.0029,0.132
digital_health_telemedicine,department,N1160,Cardiothoracic Surgery,1,0.0029,0.086
digital_health_telemedicine,department,N1420,Pathology and Laboratory Medicine,2,0.0058,0.067
drug_discovery_pharmacology,division,N7225,Pediatrics / Child Development,1,0.0013,4.958
drug_discovery_pharmacology,department,N1750,Pharmacology,89,0.118,4.457
drug_discovery_pharmacology,department,N1730,Microbiology and Immunology,67,0.0889,3.848
drug_discovery_pharmacology,department,N1700,Biochemistry and Biophysics,36,0.0477,2.534
drug_discovery_pharmacology,division,N3632,Medicine / Hematology and Medical Oncology,128,0.1698,2.402
drug_discovery_pharmacology,department,N1720,Genetic Medicine,23,0.0305,2.338
drug_discovery_pharmacology,department,N1220,Dermatology,15,0.0199,2.187
drug_discovery_pharmacology,department,N1530,Radiation Oncology,13,0.0172,1.818
drug_discovery_pharmacology,division,N9332,Medicine / Regenerative Medicine,13,0.0172,1.711
drug_discovery_pharmacology,department,N1740,Systems and Computational Biomedicine,71,0.0942,1.684
drug_discovery_pharmacology,division,N4967,Medicine / Infectious Diseases,62,0.0822,1.575
drug_discovery_pharmacology,department,N1420,Pathology and Laboratory Medicine,101,0.134,1.546
drug_discovery_pharmacology,division,N8537,Pediatrics / Infectious Disease,7,0.0093,1.539
drug_discovery_pharmacology,department,N1760,Brain and Mind Research,30,0.0398,1.411
drug_discovery_pharmacology,department,N1360,Ophthalmology,9,0.0119,1.291
drug_discovery_pharmacology,department,N1280,Medicine,322,0.4271,1.216
drug_discovery_pharmacology,division,N6382,Medicine / Cardiology,33,0.0438,1.171
drug_discovery_pharmacology,division,N6383,Medicine / Endocrinology Diabetes and Metabolism,20,0.0265,1.123
drug_discovery_pharmacology,division,N7812,Medicine / Nephrology and Hypertension,12,0.0159,1.014
drug_discovery_pharmacology,division,N8288,Pediatrics / Hematology and Oncology,6,0.008,1.003
drug_discovery_pharmacology,department,N1440,Pediatrics,37,0.0491,0.833
drug_discovery_pharmacology,division,N3385,Pediatrics / Pulmonary and Allergy,2,0.0027,0.783
drug_discovery_pharmacology,department,N1500,Psychiatry,16,0.0212,0.692
drug_discovery_pharmacology,division,N7724,Psychiatry / Hospital Programs,4,0.0053,0.679
drug_discovery_pharmacology,department,N1560,Surgery,27,0.0358,0.64
drug_discovery_pharmacology,department,N1160,Cardiothoracic Surgery,16,0.0212,0.625
drug_discovery_pharmacology,division,N5472,Pediatrics / Nephrology,1,0.0013,0.611
drug_discovery_pharmacology,department,N1140,Anesthesiology,16,0.0212,0.537
drug_discovery_pharmacology,division,N5676,Pediatrics / Cardiology,1,0.0013,0.531
drug_discovery_pharmacology,division,N7453,Medicine / Gastroenterology and Hepatology,20,0.0265,0.521
drug_discovery_pharmacology,department,N1300,Neurology,14,0.0186,0.51
drug_discovery_pharmacology,division,N6252,Medicine / Pulmonary Medicine and Critical Care,8,0.0106,0.478
drug_discovery_pharmacology,department,N1540,Rehabilitation Medicine,1,0.0013,0.429
drug_discovery_pharmacology,division,N2856,Medicine / General Internal Medicine,21,0.0279,0.415
drug_discovery_pharmacology,department,N1320,Neurological Surgery,12,0.0159,0.393
drug_discovery_pharmacology,division,N7324,Surgery / Vascular Surgery,1,0.0013,0.381
drug_discovery_pharmacology,department,N1520,Radiology,20,0.0265,0.331
drug_discovery_pharmacology,department,N1480,Population Health Sciences,36,0.0477,0.296
drug_discovery_pharmacology,department,N1710,Cell and Developmental Biology,1,0.0013,0.288
drug_discovery_pharmacology,department,N1400,Otolaryngology Head and Neck Surgery,4,0.0053,0.282
drug_discovery_pharmacology,department,N1580,Urology,4,0.0053,0.241
drug_discovery_pharmacology,department,N1340,Obstetrics and Gynecology,6,0.008,0.195
drug_discovery_pharmacology,division,N8835,Radiology / Diagnostic and Interventional Radiology,2,0.0027,0.183
drug_discovery_pharmacology,division,N8764,Obstetrics and Gynecology / General Obstetrics and Gynecology,1,0.0013,0.171
drug_discovery_pharmacology,division,N7773,Obstetrics and Gynecology / Gyn-Oncology,1,0.0013,0.166
drug_discovery_pharmacology,division,N2787,Population Health Sciences / Epidemiology,3,0.004,0.093
drug_discovery_pharmacology,division,N3436,Population Health Sciences / Health Policy and Economics,1,0.0013,0.05
drug_discovery_pharmacology,division,N2466,Population Health Sciences / Comparative Effectiveness and Outcomes,1,0.0013,0.034
emergency_critical_care_medicine,division,N6235,"Surgery / Critical Care, Trauma and Burn Surgery",28,0.0559,12.29
emergency_critical_care_medicine,department,N1240,Emergency Medicine,144,0.2874,10.387
emergency_critical_care_medicine,division,N8524,Neurology / Neurophysiology,4,0.008,6.888
emergency_critical_care_medicine,division,N7237,Surgery / Pediatric Surgery,2,0.004,3.95
emergency_critical_care_medicine,division,N6252,Medicine / Pulmonary Medicine and Critical Care,37,0.0739,3.326
emergency_critical_care_medicine,department,N1140,Anesthesiology,62,0.1238,3.133
emergency_critical_care_medicine,department,N1300,Neurology,54,0.1078,2.963
emergency_critical_care_medicine,division,N5382,Pediatrics / General Pediatrics,13,0.0259,2.654
emergency_critical_care_medicine,division,N7324,Surgery / Vascular Surgery,4,0.008,2.296
emergency_critical_care_medicine,department,N1440,Pediatrics,60,0.1198,2.033
emergency_critical_care_medicine,division,N5472,Pediatrics / Nephrology,2,0.004,1.84
emergency_critical_care_medicine,division,N6382,Medicine / Cardiology,31,0.0619,1.655
emergency_critical_care_medicine,division,N8537,Pediatrics / Infectious Disease,5,0.01,1.654
emergency_critical_care_medicine,department,N1932,Library,4,0.008,1.618
emergency_critical_care_medicine,division,N5676,Pediatrics / Cardiology,2,0.004,1.599
emergency_critical_care_medicine,division,N5687,Medicine / Medical Ethics,4,0.008,1.414
emergency_critical_care_medicine,division,N8555,Medicine / Geriatrics and Palliative Medicine,14,0.0279,1.279
emergency_critical_care_medicine,division,N3343,Pediatrics / Newborn Medicine,2,0.004,1.199
emergency_critical_care_medicine,department,N1560,Surgery,33,0.0659,1.178
emergency_critical_care_medicine,department,N1160,Cardiothoracic Surgery,18,0.0359,1.058
emergency_critical_care_medicine,division,N2856,Medicine / General Internal Medicine,34,0.0679,1.011
emergency_critical_care_medicine,department,N1320,Neurological Surgery,18,0.0359,0.888
emergency_critical_care_medicine,division,N3252,Pediatrics / Gastroenterology,1,0.002,0.884
emergency_critical_care_medicine,department,N1720,Genetic Medicine,5,0.01,0.765
emergency_critical_care_medicine,department,N1280,Medicine,122,0.2435,0.693
emergency_critical_care_medicine,department,N1480,Population Health Sciences,56,0.1118,0.692
emergency_critical_care_medicine,division,N8835,Radiology / Diagnostic and Interventional Radiology,5,0.01,0.687
emergency_critical_care_medicine,department,N1400,Otolaryngology Head and Neck Surgery,6,0.012,0.638
emergency_critical_care_medicine,department,N1760,Brain and Mind Research,9,0.018,0.637
emergency_critical_care_medicine,division,N7812,Medicine / Nephrology and Hypertension,5,0.01,0.636
emergency_critical_care_medicine,division,N3436,Population Health Sciences / Health Policy and Economics,8,0.016,0.599
emergency_critical_care_medicine,division,N7724,Psychiatry / Hospital Programs,2,0.004,0.511
emergency_critical_care_medicine,department,N1420,Pathology and Laboratory Medicine,20,0.0399,0.461
emergency_critical_care_medicine,department,N1520,Radiology,18,0.0359,0.449
emergency_critical_care_medicine,department,N1700,Biochemistry and Biophysics,4,0.008,0.424
emergency_critical_care_medicine,department,N1500,Psychiatry,6,0.012,0.391
emergency_critical_care_medicine,division,N4967,Medicine / Infectious Diseases,9,0.018,0.344
emergency_critical_care_medicine,division,N7453,Medicine / Gastroenterology and Hepatology,7,0.014,0.275
emergency_critical_care_medicine,division,N7778,Surgery / Plastic and Reconstructive Surgery,1,0.002,0.219
emergency_critical_care_medicine,division,N2466,Population Health Sciences / Comparative Effectiveness and Outcomes,4,0.008,0.205
emergency_critical_care_medicine,division,N9332,Medicine / Regenerative Medicine,1,0.002,0.198
emergency_critical_care_medicine,division,N2787,Population Health Sciences / Epidemiology,4,0.008,0.188
emergency_critical_care_medicine,division,N3628,Obstetrics and Gynecology / Maternal Fetal Medicine,1,0.002,0.188
emergency_critical_care_medicine,division,N6383,Medicine / Endocrinology Diabetes and Metabolism,2,0.004,0.169
emergency_critical_care_medicine,department,N1740,Systems and Computational Biomedicine,4,0.008,0.143
emergency_critical_care_medicine,division,N3632,Medicine / Hematology and Medical Oncology,2,0.004,0.056
emergency_critical_care_medicine,department,N1340,Obstetrics and Gynecology,1,0.002,0.049
environmental_planetary_health,division,N3385,Pediatrics / Pulmonary and Allergy,3,0.0319,9.419
environmental_planetary_health,department,N1932,Library,4,0.0426,8.625
environmental_planetary_health,division,N4328,Pediatrics / Endocrinology,1,0.0106,5.965
environmental_planetary_health,department,N1240,Emergency Medicine,14,0.1489,5.382
environmental_planetary_health,division,N2856,Medicine / General Internal Medicine,23,0.2447,3.644
environmental_planetary_health,department,N1220,Dermatology,3,0.0319,3.509
environmental_planetary_health,department,N1720,Genetic Medicine,3,0.0319,2.446
environmental_planetary_health,division,N3436,Population Health Sciences / Health Policy and Economics,5,0.0532,1.995
environmental_planetary_health,department,N1580,Urology,4,0.0426,1.93
environmental_planetary_health,department,N1740,Systems and Computational Biomedicine,9,0.0957,1.713
environmental_planetary_health,department,N1400,Otolaryngology Head and Neck Surgery,3,0.0319,1.699
environmental_planetary_health,division,N6252,Medicine / Pulmonary Medicine and Critical Care,3,0.0319,1.437
environmental_planetary_health,division,N7724,Psychiatry / Hospital Programs,1,0.0106,1.361
environmental_planetary_health,division,N8288,Pediatrics / Hematology and Oncology,1,0.0106,1.341
environmental_planetary_health,division,N4967,Medicine / Infectious Diseases,6,0.0638,1.223
environmental_planetary_health,division,N6382,Medicine / Cardiology,4,0.0426,1.138
environmental_planetary_health,department,N1280,Medicine,36,0.383,1.09
environmental_planetary_health,department,N1480,Population Health Sciences,16,0.1702,1.054
environmental_planetary_health,division,N2787,Population Health Sciences / Epidemiology,4,0.0426,1.0
environmental_planetary_health,department,N1440,Pediatrics,5,0.0532,0.903
environmental_planetary_health,department,N1750,Pharmacology,2,0.0213,0.803
environmental_planetary_health,department,N1340,Obstetrics and Gynecology,3,0.0319,0.783
environmental_planetary_health,department,N1500,Psychiatry,2,0.0213,0.694
environmental_planetary_health,division,N7812,Medicine / Nephrology and Hypertension,1,0.0106,0.678
environmental_planetary_health,department,N1420,Pathology and Laboratory Medicine,5,0.0532,0.614
environmental_planetary_health,department,N1560,Surgery,3,0.0319,0.571
environmental_planetary_health,department,N1700,Biochemistry and Biophysics,1,0.0106,0.565
environmental_planetary_health,division,N2466,Population Health Sciences / Comparative Effectiveness and Outcomes,2,0.0213,0.546
environmental_planetary_health,department,N1730,Microbiology and Immunology,1,0.0106,0.461
environmental_planetary_health,division,N3632,Medicine / Hematology and Medical Oncology,3,0.0319,0.452
environmental_planetary_health,department,N1160,Cardiothoracic Surgery,1,0.0106,0.313
environmental_planetary_health,division,N7453,Medicine / Gastroenterology and Hepatology,1,0.0106,0.209
epidemiology_population_health,division,N2787,Population Health Sciences / Epidemiology,274,0.1438,3.378
epidemiology_population_health,division,N2856,Medicine / General Internal Medicine,317,0.1663,2.477
epidemiology_population_health,division,N8524,Neurology / Neurophysiology,5,0.0026,2.263
epidemiology_population_health,division,N3436,Population Health Sciences / Health Policy and Economics,107,0.0561,2.106
epidemiology_population_health,department,N1480,Population Health Sciences,614,0.3221,1.995
epidemiology_population_health,division,N2466,Population Health Sciences / Comparative Effectiveness and Outcomes,148,0.0776,1.991
epidemiology_population_health,division,N3628,Obstetrics and Gynecology / Maternal Fetal Medicine,39,0.0205,1.928
epidemiology_population_health,division,N8758,Surgery / General Surgery,3,0.0016,1.891
epidemiology_population_health,department,N1300,Neurology,120,0.063,1.731
epidemiology_population_health,division,N4967,Medicine / Infectious Diseases,165,0.0866,1.659
epidemiology_population_health,department,N1240,Emergency Medicine,81,0.0425,1.536
epidemiology_population_health,division,N5472,Pediatrics / Nephrology,6,0.0031,1.451
epidemiology_population_health,division,N5382,Pediatrics / General Pediatrics,26,0.0136,1.395
epidemiology_population_health,division,N6382,Medicine / Cardiology,94,0.0493,1.319
epidemiology_population_health,department,N1580,Urology,54,0.0283,1.285
epidemiology_population_health,division,N6235,"Surgery / Critical Care, Trauma and Burn Surgery",11,0.0058,1.269
epidemiology_population_health,division,N8537,Pediatrics / Infectious Disease,14,0.0073,1.217
epidemiology_population_health,division,N7324,Surgery / Vascular Surgery,8,0.0042,1.207
epidemiology_population_health,division,N4328,Pediatrics / Endocrinology,4,0.0021,1.177
epidemiology_population_health,department,N1720,Genetic Medicine,28,0.0147,1.126
epidemiology_population_health,division,N8555,Medicine / Geriatrics and Palliative Medicine,46,0.0241,1.105
epidemiology_population_health,department,N1280,Medicine,729,0.3825,1.089
epidemiology_population_health,division,N6252,Medicine / Pulmonary Medicine and Critical Care,46,0.0241,1.087
epidemiology_population_health,department,N1140,Anesthesiology,81,0.0425,1.076
epidemiology_population_health,department,N1340,Obstetrics and Gynecology,83,0.0435,1.068
epidemiology_population_health,division,N7284,Pediatrics / Genetics,1,0.0005,1.038
epidemiology_population_health,department,N1360,Ophthalmology,18,0.0094,1.022
epidemiology_population_health,division,N8764,Obstetrics and Gynecology / General Obstetrics and Gynecology,15,0.0079,1.014
epidemiology_population_health,division,N7453,Medicine / Gastroenterology and Hepatology,93,0.0488,0.959
epidemiology_population_health,division,N3385,Pediatrics / Pulmonary and Allergy,6,0.0031,0.929
epidemiology_population_health,division,N7724,Psychiatry / Hospital Programs,13,0.0068,0.873
epidemiology_population_health,department,N1932,Library,8,0.0042,0.851
epidemiology_population_health,department,N1540,Rehabilitation Medicine,5,0.0026,0.849
epidemiology_population_health,department,N1160,Cardiothoracic Surgery,52,0.0273,0.803
epidemiology_population_health,division,N3343,Pediatrics / Newborn Medicine,5,0.0026,0.788
epidemiology_population_health,division,N3623,Surgery / Liver Transplantation Surgery,2,0.001,0.785
epidemiology_population_health,department,N1560,Surgery,83,0.0435,0.778
epidemiology_population_health,department,N1500,Psychiatry,45,0.0236,0.77
epidemiology_population_health,division,N6383,Medicine / Endocrinology Diabetes and Metabolism,34,0.0178,0.755
epidemiology_population_health,department,N1440,Pediatrics,83,0.0435,0.739
epidemiology_population_health,division,N7773,Obstetrics and Gynecology / Gyn-Oncology,11,0.0058,0.722
epidemiology_population_health,division,N3252,Pediatrics / Gastroenterology,3,0.0016,0.697
epidemiology_population_health,division,N7812,Medicine / Nephrology and Hypertension,17,0.0089,0.568
epidemiology_population_health,department,N1220,Dermatology,9,0.0047,0.519
epidemiology_population_health,division,N7237,Surgery / Pediatric Surgery,1,0.0005,0.519
epidemiology_population_health,department,N1400,Otolaryngology Head and Neck Surgery,16,0.0084,0.447
epidemiology_population_health,department,N1520,Radiology,62,0.0325,0.406
epidemiology_population_health,department,N1760,Brain and Mind Research,20,0.0105,0.372
epidemiology_population_health,division,N3632,Medicine / Hematology and Medical Oncology,49,0.0257,0.364
epidemiology_population_health,division,N8835,Radiology / Diagnostic and Interventional Radiology,9,0.0047,0.325
epidemiology_population_health,department,N1320,Neurological Surgery,23,0.0121,0.298
epidemiology_population_health,division,N8288,Pediatrics / Hematology and Oncology,4,0.0021,0.264
epidemiology_population_health,division,N7778,Surgery / Plastic and Reconstructive Surgery,4,0.0021,0.231
epidemiology_population_health,department,N1420,Pathology and Laboratory Medicine,38,0.0199,0.23
epidemiology_population_health,division,N5676,Pediatrics / Cardiology,1,0.0005,0.21
epidemiology_population_health,department,N1740,Systems and Computational Biomedicine,20,0.0105,0.188
epidemiology_population_health,department,N1730,Microbiology and Immunology,8,0.0042,0.182
epidemiology_population_health,department,N1530,Radiation Oncology,3,0.0016,0.166
epidemiology_population_health,division,N5687,Medicine / Medical Ethics,1,0.0005,0.093
epidemiology_population_health,department,N1700,Biochemistry and Biophysics,1,0.0005,0.028
gastroenterology_hepatology,division,N3252,Pediatrics / Gastroenterology,16,0.0251,11.102
gastroenterology_hepatology,division,N7453,Medicine / Gastroenterology and Hepatology,348,0.5455,10.72
gastroenterology_hepatology,division,N8758,Surgery / General Surgery,2,0.0031,3.767
gastroenterology_hepatology,division,N6235,"Surgery / Critical Care, Trauma and Burn Surgery",10,0.0157,3.447
gastroenterology_hepatology,department,N1560,Surgery,115,0.1803,3.222
gastroenterology_hepatology,division,N8288,Pediatrics / Hematology and Oncology,11,0.0172,2.173
gastroenterology_hepatology,department,N1280,Medicine,439,0.6881,1.959
gastroenterology_hepatology,division,N9332,Medicine / Regenerative Medicine,10,0.0157,1.556
gastroenterology_hepatology,division,N7237,Surgery / Pediatric Surgery,1,0.0016,1.551
gastroenterology_hepatology,division,N3385,Pediatrics / Pulmonary and Allergy,3,0.0047,1.388
gastroenterology_hepatology,department,N1710,Cell and Developmental Biology,4,0.0063,1.361
gastroenterology_hepatology,department,N1420,Pathology and Laboratory Medicine,69,0.1082,1.248
gastroenterology_hepatology,division,N3623,Surgery / Liver Transplantation Surgery,1,0.0016,1.172
gastroenterology_hepatology,division,N6383,Medicine / Endocrinology Diabetes and Metabolism,17,0.0266,1.128
gastroenterology_hepatology,division,N7812,Medicine / Nephrology and Hypertension,10,0.0157,0.999
gastroenterology_hepatology,division,N3343,Pediatrics / Newborn Medicine,2,0.0031,0.942
gastroenterology_hepatology,department,N1440,Pediatrics,33,0.0517,0.878
gastroenterology_hepatology,division,N4967,Medicine / Infectious Diseases,29,0.0455,0.871
gastroenterology_hepatology,department,N1750,Pharmacology,14,0.0219,0.829
gastroenterology_hepatology,division,N6252,Medicine / Pulmonary Medicine and Critical Care,10,0.0157,0.706
gastroenterology_hepatology,department,N1730,Microbiology and Immunology,10,0.0157,0.679
gastroenterology_hepatology,department,N1520,Radiology,31,0.0486,0.607
gastroenterology_hepatology,division,N3632,Medicine / Hematology and Medical Oncology,25,0.0392,0.554
gastroenterology_hepatology,division,N8835,Radiology / Diagnostic and Interventional Radiology,5,0.0078,0.539
gastroenterology_hepatology,department,N1400,Otolaryngology Head and Neck Surgery,6,0.0094,0.501
gastroenterology_hepatology,department,N1530,Radiation Oncology,3,0.0047,0.496
gastroenterology_hepatology,department,N1480,Population Health Sciences,46,0.0721,0.446
gastroenterology_hepatology,department,N1760,Brain and Mind Research,8,0.0125,0.445
gastroenterology_hepatology,division,N2466,Population Health Sciences / Comparative Effectiveness and Outcomes,11,0.0172,0.442
gastroenterology_hepatology,department,N1300,Neurology,10,0.0157,0.431
gastroenterology_hepatology,department,N1740,Systems and Computational Biomedicine,14,0.0219,0.392
gastroenterology_hepatology,division,N2787,Population Health Sciences / Epidemiology,10,0.0157,0.368
gastroenterology_hepatology,department,N1720,Genetic Medicine,3,0.0047,0.36
gastroenterology_hepatology,department,N1220,Dermatology,2,0.0031,0.345
gastroenterology_hepatology,division,N2856,Medicine / General Internal Medicine,14,0.0219,0.327
gastroenterology_hepatology,department,N1932,Library,1,0.0016,0.318
gastroenterology_hepatology,division,N3436,Population Health Sciences / Health Policy and Economics,5,0.0078,0.294
gastroenterology_hepatology,department,N1140,Anesthesiology,7,0.011,0.278
gastroenterology_hepatology,division,N6382,Medicine / Cardiology,6,0.0094,0.252
gastroenterology_hepatology,division,N7773,Obstetrics and Gynecology / Gyn-Oncology,1,0.0016,0.196
gastroenterology_hepatology,department,N1340,Obstetrics and Gynecology,5,0.0078,0.192
gastroenterology_hepatology,department,N1700,Biochemistry and Biophysics,2,0.0031,0.166
gastroenterology_hepatology,division,N5382,Pediatrics / General Pediatrics,1,0.0016,0.16
gastroenterology_hepatology,division,N3628,Obstetrics and Gynecology / Maternal Fetal Medicine,1,0.0016,0.148
gastroenterology_hepatology,department,N1160,Cardiothoracic Surgery,2,0.0031,0.092
gastroenterology_hepatology,department,N1580,Urology,1,0.0016,0.071
gastroenterology_hepatology,department,N1500,Psychiatry,1,0.0016,0.051
gene_cell_therapy,department,N1720,Genetic Medicine,28,0.1972,15.112
gene_cell_therapy,division,N8288,Pediatrics / Hematology and Oncology,12,0.0845,10.649
gene_cell_therapy,department,N1360,Ophthalmology,8,0.0563,6.095
gene_cell_therapy,division,N3623,Surgery / Liver Transplantation Surgery,1,0.007,5.265
gene_cell_therapy,division,N9332,Medicine / Regenerative Medicine,6,0.0423,4.194
gene_cell_therapy,department,N1530,Radiation Oncology,4,0.0282,2.971
gene_cell_therapy,division,N5676,Pediatrics / Cardiology,1,0.007,2.821
gene_cell_therapy,division,N3632,Medicine / Hematology and Medical Oncology,28,0.1972,2.79
gene_cell_therapy,department,N1750,Pharmacology,10,0.0704,2.659
gene_cell_therapy,division,N3385,Pediatrics / Pulmonary and Allergy,1,0.007,2.078
gene_cell_therapy,department,N1440,Pediatrics,15,0.1056,1.793
gene_cell_therapy,department,N1710,Cell and Developmental Biology,1,0.007,1.529
gene_cell_therapy,department,N1700,Biochemistry and Biophysics,4,0.0282,1.495
gene_cell_therapy,department,N1932,Library,1,0.007,1.427
gene_cell_therapy,department,N1320,Neurological Surgery,8,0.0563,1.392
gene_cell_therapy,department,N1280,Medicine,65,0.4577,1.303
gene_cell_therapy,department,N1420,Pathology and Laboratory Medicine,16,0.1127,1.3
gene_cell_therapy,department,N1760,Brain and Mind Research,5,0.0352,1.248
gene_cell_therapy,division,N5687,Medicine / Medical Ethics,1,0.007,1.247
gene_cell_therapy,department,N1740,Systems and Computational Biomedicine,8,0.0563,1.008
gene_cell_therapy,department,N1730,Microbiology and Immunology,3,0.0211,0.915
gene_cell_therapy,division,N8764,Obstetrics and Gynecology / General Obstetrics and Gynecology,1,0.007,0.908
gene_cell_therapy,division,N4967,Medicine / Infectious Diseases,6,0.0423,0.81
gene_cell_therapy,department,N1220,Dermatology,1,0.007,0.774
gene_cell_therapy,division,N6382,Medicine / Cardiology,4,0.0282,0.753
gene_cell_therapy,division,N7453,Medicine / Gastroenterology and Hepatology,5,0.0352,0.692
gene_cell_therapy,division,N6252,Medicine / Pulmonary Medicine and Critical Care,2,0.0141,0.634
gene_cell_therapy,department,N1520,Radiology,7,0.0493,0.616
gene_cell_therapy,division,N8835,Radiology / Diagnostic and Interventional Radiology,1,0.007,0.485
gene_cell_therapy,department,N1300,Neurology,2,0.0141,0.387
gene_cell_therapy,department,N1560,Surgery,3,0.0211,0.378
gene_cell_therapy,division,N6383,Medicine / Endocrinology Diabetes and Metabolism,1,0.007,0.298
gene_cell_therapy,department,N1500,Psychiatry,1,0.007,0.23
gene_cell_therapy,department,N1160,Cardiothoracic Surgery,1,0.007,0.207
gene_cell_therapy,department,N1340,Obstetrics and Gynecology,1,0.007,0.173
gene_cell_therapy,department,N1480,Population Health Sciences,2,0.0141,0.087
genetics_genomics_precision_medicine,division,N7284,Pediatrics / Genetics,3,0.0033,6.575
genetics_genomics_precision_medicine,division,N7773,Obstetrics and Gynecology / Gyn-Oncology,40,0.0443,5.54
genetics_genomics_precision_medicine,department,N1740,Systems and Computational Biomedicine,217,0.2403,4.298
genetics_genomics_precision_medicine,division,N7225,Pediatrics / Child Development,1,0.0011,4.14
genetics_genomics_precision_medicine,department,N1720,Genetic Medicine,36,0.0399,3.055
genetics_genomics_precision_medicine,department,N1420,Pathology and Laboratory Medicine,230,0.2547,2.939
genetics_genomics_precision_medicine,division,N3632,Medicine / Hematology and Medical Oncology,159,0.1761,2.491
genetics_genomics_precision_medicine,department,N1730,Microbiology and Immunology,51,0.0565,2.446
genetics_genomics_precision_medicine,division,N8764,Obstetrics and Gynecology / General Obstetrics and Gynecology,17,0.0188,2.427
genetics_genomics_precision_medicine,division,N9332,Medicine / Regenerative Medicine,22,0.0244,2.418
genetics_genomics_precision_medicine,department,N1340,Obstetrics and Gynecology,81,0.0897,2.2
genetics_genomics_precision_medicine,department,N1760,Brain and Mind Research,51,0.0565,2.002
genetics_genomics_precision_medicine,division,N8288,Pediatrics / Hematology and Oncology,13,0.0144,1.814
genetics_genomics_precision_medicine,department,N1750,Pharmacology,43,0.0476,1.798
genetics_genomics_precision_medicine,department,N1710,Cell and Developmental Biology,6,0.0066,1.442
genetics_genomics_precision_medicine,division,N4328,Pediatrics / Endocrinology,2,0.0022,1.242
genetics_genomics_precision_medicine,department,N1280,Medicine,342,0.3787,1.078
genetics_genomics_precision_medicine,division,N7453,Medicine / Gastroenterology and Hepatology,48,0.0532,1.045
genetics_genomics_precision_medicine,division,N3628,Obstetrics and Gynecology / Maternal Fetal Medicine,10,0.0111,1.044
genetics_genomics_precision_medicine,department,N1700,Biochemistry and Biophysics,17,0.0188,0.999
genetics_genomics_precision_medicine,department,N1530,Radiation Oncology,8,0.0089,0.934
genetics_genomics_precision_medicine,division,N7812,Medicine / Nephrology and Hypertension,13,0.0144,0.917
genetics_genomics_precision_medicine,department,N1580,Urology,18,0.0199,0.904
genetics_genomics_precision_medicine,division,N5676,Pediatrics / Cardiology,2,0.0022,0.887
genetics_genomics_precision_medicine,division,N6252,Medicine / Pulmonary Medicine and Critical Care,17,0.0188,0.848
genetics_genomics_precision_medicine,department,N1560,Surgery,42,0.0465,0.832
genetics_genomics_precision_medicine,division,N4967,Medicine / Infectious Diseases,39,0.0432,0.828
genetics_genomics_precision_medicine,department,N1440,Pediatrics,43,0.0476,0.808
genetics_genomics_precision_medicine,division,N2787,Population Health Sciences / Epidemiology,29,0.0321,0.755
genetics_genomics_precision_medicine,division,N3343,Pediatrics / Newborn Medicine,2,0.0022,0.665
genetics_genomics_precision_medicine,division,N3385,Pediatrics / Pulmonary and Allergy,2,0.0022,0.654
genetics_genomics_precision_medicine,department,N1220,Dermatology,5,0.0055,0.609
genetics_genomics_precision_medicine,department,N1160,Cardiothoracic Surgery,17,0.0188,0.554
genetics_genomics_precision_medicine,division,N8537,Pediatrics / Infectious Disease,3,0.0033,0.551
genetics_genomics_precision_medicine,department,N1480,Population Health Sciences,77,0.0853,0.528
genetics_genomics_precision_medicine,department,N1500,Psychiatry,14,0.0155,0.506
genetics_genomics_precision_medicine,department,N1932,Library,2,0.0022,0.449
genetics_genomics_precision_medicine,division,N5687,Medicine / Medical Ethics,2,0.0022,0.392
genetics_genomics_precision_medicine,division,N6382,Medicine / Cardiology,13,0.0144,0.385
genetics_genomics_precision_medicine,department,N1360,Ophthalmology,3,0.0033,0.359
genetics_genomics_precision_medicine,department,N1300,Neurology,11,0.0122,0.335
genetics_genomics_precision_medicine,department,N1320,Neurological Surgery,12,0.0133,0.328
genetics_genomics_precision_medicine,department,N1520,Radiology,23,0.0255,0.318
genetics_genomics_precision_medicine,department,N1400,Otolaryngology Head and Neck Surgery,5,0.0055,0.295
genetics_genomics_precision_medicine,division,N7724,Psychiatry / Hospital Programs,2,0.0022,0.283
genetics_genomics_precision_medicine,division,N6383,Medicine / Endocrinology Diabetes and Metabolism,6,0.0066,0.281
genetics_genomics_precision_medicine,department,N1140,Anesthesiology,10,0.0111,0.28
genetics_genomics_precision_medicine,division,N2856,Medicine / General Internal Medicine,10,0.0111,0.165
genetics_genomics_precision_medicine,division,N8835,Radiology / Diagnostic and Interventional Radiology,2,0.0022,0.152
genetics_genomics_precision_medicine,division,N5382,Pediatrics / General Pediatrics,1,0.0011,0.113
genetics_genomics_precision_medicine,division,N2466,Population Health Sciences / Comparative Effectiveness and Outcomes,2,0.0022,0.057
genetics_genomics_precision_medicine,department,N1240,Emergency Medicine,1,0.0011,0.04
gi_cancer,division,N7237,Surgery / Pediatric Surgery,1,0.0047,4.646
gi_cancer,department,N1560,Surgery,50,0.2347,4.197
gi_cancer,division,N7453,Medicine / Gastroenterology and Hepatology,40,0.1878,3.691
gi_cancer,division,N8288,Pediatrics / Hematology and Oncology,6,0.0282,3.55
gi_cancer,division,N3632,Medicine / Hematology and Medical Oncology,48,0.2254,3.188
gi_cancer,department,N1420,Pathology and Laboratory Medicine,55,0.2582,2.979
gi_cancer,department,N1710,Cell and Developmental Biology,2,0.0094,2.038
gi_cancer,department,N1730,Microbiology and Immunology,8,0.0376,1.626
gi_cancer,department,N1750,Pharmacology,8,0.0376,1.418
gi_cancer,department,N1280,Medicine,99,0.4648,1.323
gi_cancer,department,N1740,Systems and Computational Biomedicine,15,0.0704,1.26
gi_cancer,division,N2466,Population Health Sciences / Comparative Effectiveness and Outcomes,10,0.0469,1.204
gi_cancer,department,N1520,Radiology,20,0.0939,1.173
gi_cancer,division,N6235,"Surgery / Critical Care, Trauma and Burn Surgery",1,0.0047,1.032
gi_cancer,department,N1530,Radiation Oncology,2,0.0094,0.99
gi_cancer,division,N8835,Radiology / Diagnostic and Interventional Radiology,3,0.0141,0.969
gi_cancer,department,N1480,Population Health Sciences,24,0.1127,0.698
gi_cancer,department,N1160,Cardiothoracic Surgery,5,0.0235,0.691
gi_cancer,division,N7773,Obstetrics and Gynecology / Gyn-Oncology,1,0.0047,0.587
gi_cancer,department,N1220,Dermatology,1,0.0047,0.516
gi_cancer,department,N1440,Pediatrics,6,0.0282,0.478
gi_cancer,division,N2787,Population Health Sciences / Epidemiology,4,0.0188,0.441
gi_cancer,division,N6252,Medicine / Pulmonary Medicine and Critical Care,2,0.0094,0.423
gi_cancer,department,N1720,Genetic Medicine,1,0.0047,0.36
gi_cancer,division,N2856,Medicine / General Internal Medicine,4,0.0188,0.28
gi_cancer,department,N1400,Otolaryngology Head and Neck Surgery,1,0.0047,0.25
gi_cancer,department,N1140,Anesthesiology,2,0.0094,0.238
gi_cancer,department,N1340,Obstetrics and Gynecology,2,0.0094,0.23
gi_cancer,department,N1580,Urology,1,0.0047,0.213
gi_cancer,division,N3436,Population Health Sciences / Health Policy and Economics,1,0.0047,0.176
gi_cancer,division,N6382,Medicine / Cardiology,1,0.0047,0.126
gi_cancer,department,N1320,Neurological Surgery,1,0.0047,0.116
gi_cancer,division,N4967,Medicine / Infectious Diseases,1,0.0047,0.09
global_public_health,division,N2787,Population Health Sciences / Epidemiology,154,0.199,4.675
global_public_health,department,N1240,Emergency Medicine,93,0.1202,4.342
global_public_health,division,N4967,Medicine / Infectious Diseases,163,0.2106,4.035
global_public_health,division,N2856,Medicine / General Internal Medicine,139,0.1796,2.675
global_public_health,division,N7284,Pediatrics / Genetics,1,0.0013,2.557
global_public_health,division,N8537,Pediatrics / Infectious Disease,10,0.0129,2.141
global_public_health,department,N1480,Population Health Sciences,264,0.3411,2.112
global_public_health,department,N1932,Library,7,0.009,1.833
global_public_health,division,N2466,Population Health Sciences / Comparative Effectiveness and Outcomes,55,0.0711,1.822
global_public_health,division,N3436,Population Health Sciences / Health Policy and Economics,33,0.0426,1.599
global_public_health,division,N6235,"Surgery / Critical Care, Trauma and Burn Surgery",5,0.0065,1.421
global_public_health,division,N5382,Pediatrics / General Pediatrics,10,0.0129,1.321
global_public_health,division,N7237,Surgery / Pediatric Surgery,1,0.0013,1.278
global_public_health,division,N3343,Pediatrics / Newborn Medicine,3,0.0039,1.164
global_public_health,department,N1280,Medicine,314,0.4057,1.155
global_public_health,department,N1500,Psychiatry,23,0.0297,0.97
global_public_health,department,N1720,Genetic Medicine,7,0.009,0.693
global_public_health,department,N1440,Pediatrics,31,0.0401,0.68
global_public_health,division,N8764,Obstetrics and Gynecology / General Obstetrics and Gynecology,4,0.0052,0.666
global_public_health,division,N7724,Psychiatry / Hospital Programs,4,0.0052,0.661
global_public_health,division,N8555,Medicine / Geriatrics and Palliative Medicine,11,0.0142,0.651
global_public_health,department,N1320,Neurological Surgery,18,0.0233,0.574
global_public_health,division,N7778,Surgery / Plastic and Reconstructive Surgery,4,0.0052,0.568
global_public_health,department,N1360,Ophthalmology,4,0.0052,0.559
global_public_health,department,N1140,Anesthesiology,17,0.022,0.556
global_public_health,division,N7453,Medicine / Gastroenterology and Hepatology,21,0.0271,0.533
global_public_health,department,N1560,Surgery,22,0.0284,0.508
global_public_health,department,N1340,Obstetrics and Gynecology,15,0.0194,0.475
global_public_health,division,N5687,Medicine / Medical Ethics,2,0.0026,0.458
global_public_health,department,N1540,Rehabilitation Medicine,1,0.0013,0.418
global_public_health,division,N6252,Medicine / Pulmonary Medicine and Critical Care,7,0.009,0.407
global_public_health,department,N1730,Microbiology and Immunology,7,0.009,0.392
global_public_health,division,N6383,Medicine / Endocrinology Diabetes and Metabolism,7,0.009,0.383
global_public_health,division,N3385,Pediatrics / Pulmonary and Allergy,1,0.0013,0.381
global_public_health,division,N3628,Obstetrics and Gynecology / Maternal Fetal Medicine,3,0.0039,0.365
global_public_health,division,N6382,Medicine / Cardiology,10,0.0129,0.346
global_public_health,division,N7773,Obstetrics and Gynecology / Gyn-Oncology,2,0.0026,0.323
global_public_health,division,N3632,Medicine / Hematology and Medical Oncology,16,0.0207,0.292
global_public_health,department,N1220,Dermatology,2,0.0026,0.284
global_public_health,department,N1420,Pathology and Laboratory Medicine,19,0.0245,0.283
global_public_health,department,N1530,Radiation Oncology,2,0.0026,0.273
global_public_health,department,N1580,Urology,4,0.0052,0.234
global_public_health,department,N1740,Systems and Computational Biomedicine,10,0.0129,0.231
global_public_health,department,N1400,Otolaryngology Head and Neck Surgery,3,0.0039,0.206
global_public_health,department,N1300,Neurology,5,0.0065,0.178
global_public_health,division,N7812,Medicine / Nephrology and Hypertension,2,0.0026,0.165
global_public_health,division,N8288,Pediatrics / Hematology and Oncology,1,0.0013,0.163
global_public_health,department,N1520,Radiology,10,0.0129,0.161
global_public_health,department,N1700,Biochemistry and Biophysics,1,0.0013,0.069
gynecologic_oncology,division,N7773,Obstetrics and Gynecology / Gyn-Oncology,41,0.3981,49.787
gynecologic_oncology,division,N8764,Obstetrics and Gynecology / General Obstetrics and Gynecology,28,0.2718,35.043
gynecologic_oncology,department,N1340,Obstetrics and Gynecology,55,0.534,13.095
gynecologic_oncology,division,N7453,Medicine / Gastroenterology and Hepatology,16,0.1553,3.053
gynecologic_oncology,division,N2787,Population Health Sciences / Epidemiology,11,0.1068,2.509
gynecologic_oncology,department,N1420,Pathology and Laboratory Medicine,21,0.2039,2.352
gynecologic_oncology,department,N1720,Genetic Medicine,3,0.0291,2.232
gynecologic_oncology,department,N1530,Radiation Oncology,2,0.0194,2.048
gynecologic_oncology,department,N1480,Population Health Sciences,25,0.2427,1.503
gynecologic_oncology,department,N1740,Systems and Computational Biomedicine,7,0.068,1.216
gynecologic_oncology,department,N1520,Radiology,9,0.0874,1.092
gynecologic_oncology,division,N9332,Medicine / Regenerative Medicine,1,0.0097,0.964
gynecologic_oncology,department,N1280,Medicine,32,0.3107,0.885
gynecologic_oncology,department,N1730,Microbiology and Immunology,2,0.0194,0.841
gynecologic_oncology,division,N6383,Medicine / Endocrinology Diabetes and Metabolism,2,0.0194,0.822
gynecologic_oncology,division,N4967,Medicine / Infectious Diseases,4,0.0388,0.744
gynecologic_oncology,division,N6382,Medicine / Cardiology,2,0.0194,0.519
gynecologic_oncology,division,N2466,Population Health Sciences / Comparative Effectiveness and Outcomes,2,0.0194,0.498
gynecologic_oncology,department,N1580,Urology,1,0.0097,0.44
gynecologic_oncology,division,N3632,Medicine / Hematology and Medical Oncology,3,0.0291,0.412
gynecologic_oncology,department,N1750,Pharmacology,1,0.0097,0.367
gynecologic_oncology,department,N1560,Surgery,2,0.0194,0.347
gynecologic_oncology,division,N2856,Medicine / General Internal Medicine,2,0.0194,0.289
health_economics,division,N3436,Population Health Sciences / Health Policy and Economics,112,0.3182,11.934
health_economics,division,N2466,Population Health Sciences / Comparative Effectiveness and Outcomes,68,0.1932,4.954
health_economics,department,N1480,Population Health Sciences,199,0.5653,3.501
health_economics,division,N7237,Surgery / Pediatric Surgery,1,0.0028,2.811
health_economics,division,N7778,Surgery / Plastic and Reconstructive Surgery,8,0.0227,2.499
health_economics,division,N6235,"Surgery / Critical Care, Trauma and Burn Surgery",3,0.0085,1.874
health_economics,department,N1400,Otolaryngology Head and Neck Surgery,11,0.0312,1.664
health_economics,division,N4328,Pediatrics / Endocrinology,1,0.0028,1.593
health_economics,division,N7773,Obstetrics and Gynecology / Gyn-Oncology,4,0.0114,1.421
health_economics,department,N1140,Anesthesiology,18,0.0511,1.295
health_economics,department,N1580,Urology,10,0.0284,1.288
health_economics,division,N3252,Pediatrics / Gastroenterology,1,0.0028,1.258
health_economics,department,N1360,Ophthalmology,4,0.0114,1.229
health_economics,division,N7453,Medicine / Gastroenterology and Hepatology,20,0.0568,1.117
health_economics,department,N1560,Surgery,21,0.0597,1.067
health_economics,department,N1540,Rehabilitation Medicine,1,0.0028,0.919
health_economics,division,N2856,Medicine / General Internal Medicine,21,0.0597,0.889
health_economics,department,N1240,Emergency Medicine,8,0.0227,0.821
health_economics,division,N7324,Surgery / Vascular Surgery,1,0.0028,0.817
health_economics,department,N1320,Neurological Surgery,11,0.0312,0.772
health_economics,division,N6382,Medicine / Cardiology,10,0.0284,0.76
health_economics,division,N8764,Obstetrics and Gynecology / General Obstetrics and Gynecology,2,0.0057,0.732
health_economics,division,N8288,Pediatrics / Hematology and Oncology,2,0.0057,0.716
health_economics,department,N1520,Radiology,18,0.0511,0.639
health_economics,department,N1280,Medicine,77,0.2188,0.623
health_economics,division,N2787,Population Health Sciences / Epidemiology,9,0.0256,0.601
health_economics,department,N1932,Library,1,0.0028,0.576
health_economics,division,N5687,Medicine / Medical Ethics,1,0.0028,0.503
health_economics,department,N1340,Obstetrics and Gynecology,7,0.0199,0.488
health_economics,department,N1300,Neurology,6,0.017,0.469
health_economics,division,N3632,Medicine / Hematology and Medical Oncology,11,0.0312,0.442
health_economics,division,N4967,Medicine / Infectious Diseases,8,0.0227,0.435
health_economics,department,N1440,Pediatrics,9,0.0256,0.434
health_economics,division,N8555,Medicine / Geriatrics and Palliative Medicine,3,0.0085,0.39
health_economics,division,N7812,Medicine / Nephrology and Hypertension,2,0.0057,0.362
health_economics,division,N5382,Pediatrics / General Pediatrics,1,0.0028,0.291
health_economics,division,N3628,Obstetrics and Gynecology / Maternal Fetal Medicine,1,0.0028,0.268
health_economics,department,N1160,Cardiothoracic Surgery,3,0.0085,0.251
health_economics,division,N6383,Medicine / Endocrinology Diabetes and Metabolism,2,0.0057,0.24
health_economics,department,N1720,Genetic Medicine,1,0.0028,0.218
health_economics,division,N8835,Radiology / Diagnostic and Interventional Radiology,1,0.0028,0.195
health_economics,department,N1420,Pathology and Laboratory Medicine,2,0.0057,0.066
health_economics,department,N1740,Systems and Computational Biomedicine,1,0.0028,0.051
health_equity_social_determinants,division,N8758,Surgery / General Surgery,3,0.003,3.652
health_equity_social_determinants,division,N2856,Medicine / General Internal Medicine,217,0.2199,3.275
health_equity_social_determinants,division,N5687,Medicine / Medical Ethics,14,0.0142,2.512
health_equity_social_determinants,division,N3436,Population Health Sciences / Health Policy and Economics,66,0.0669,2.508
health_equity_social_determinants,division,N8764,Obstetrics and Gynecology / General Obstetrics and Gynecology,19,0.0193,2.482
health_equity_social_determinants,division,N7773,Obstetrics and Gynecology / Gyn-Oncology,18,0.0182,2.281
health_equity_social_determinants,department,N1220,Dermatology,20,0.0203,2.228
health_equity_social_determinants,department,N1240,Emergency Medicine,58,0.0588,2.124
health_equity_social_determinants,division,N6235,"Surgery / Critical Care, Trauma and Burn Surgery",9,0.0091,2.005
health_equity_social_determinants,division,N7237,Surgery / Pediatric Surgery,2,0.002,2.005
health_equity_social_determinants,division,N5382,Pediatrics / General Pediatrics,19,0.0193,1.969
health_equity_social_determinants,division,N3628,Obstetrics and Gynecology / Maternal Fetal Medicine,20,0.0203,1.91
health_equity_social_determinants,division,N2466,Population Health Sciences / Comparative Effectiveness and Outcomes,68,0.0689,1.767
health_equity_social_determinants,department,N1340,Obstetrics and Gynecology,64,0.0648,1.59
health_equity_social_determinants,department,N1480,Population Health Sciences,250,0.2533,1.569
health_equity_social_determinants,department,N1140,Anesthesiology,61,0.0618,1.565
health_equity_social_determinants,division,N4967,Medicine / Infectious Diseases,77,0.078,1.495
health_equity_social_determinants,department,N1560,Surgery,81,0.0821,1.467
health_equity_social_determinants,department,N1932,Library,7,0.0071,1.437
health_equity_social_determinants,division,N2787,Population Health Sciences / Epidemiology,60,0.0608,1.428
health_equity_social_determinants,department,N1500,Psychiatry,41,0.0415,1.356
health_equity_social_determinants,department,N1580,Urology,25,0.0253,1.149
health_equity_social_determinants,department,N1280,Medicine,394,0.3992,1.137
health_equity_social_determinants,division,N7778,Surgery / Plastic and Reconstructive Surgery,10,0.0101,1.114
health_equity_social_determinants,division,N8555,Medicine / Geriatrics and Palliative Medicine,24,0.0243,1.113
health_equity_social_determinants,department,N1360,Ophthalmology,8,0.0081,0.877
health_equity_social_determinants,division,N8524,Neurology / Neurophysiology,1,0.001,0.874
health_equity_social_determinants,department,N1400,Otolaryngology Head and Neck Surgery,15,0.0152,0.809
health_equity_social_determinants,division,N7453,Medicine / Gastroenterology and Hepatology,39,0.0395,0.777
health_equity_social_determinants,division,N6382,Medicine / Cardiology,28,0.0284,0.759
health_equity_social_determinants,division,N3623,Surgery / Liver Transplantation Surgery,1,0.001,0.758
health_equity_social_determinants,department,N1160,Cardiothoracic Surgery,25,0.0253,0.746
health_equity_social_determinants,department,N1520,Radiology,55,0.0557,0.696
health_equity_social_determinants,department,N1300,Neurology,22,0.0223,0.613
health_equity_social_determinants,department,N1440,Pediatrics,33,0.0334,0.568
health_equity_social_determinants,division,N7724,Psychiatry / Hospital Programs,4,0.0041,0.518
health_equity_social_determinants,division,N8537,Pediatrics / Infectious Disease,3,0.003,0.504
health_equity_social_determinants,division,N3632,Medicine / Hematology and Medical Oncology,33,0.0334,0.473
health_equity_social_determinants,division,N5472,Pediatrics / Nephrology,1,0.001,0.467
health_equity_social_determinants,division,N3252,Pediatrics / Gastroenterology,1,0.001,0.449
health_equity_social_determinants,division,N7812,Medicine / Nephrology and Hypertension,6,0.0061,0.387
health_equity_social_determinants,department,N1320,Neurological Surgery,15,0.0152,0.375
health_equity_social_determinants,division,N6252,Medicine / Pulmonary Medicine and Critical Care,8,0.0081,0.365
health_equity_social_determinants,division,N6383,Medicine / Endocrinology Diabetes and Metabolism,8,0.0081,0.343
health_equity_social_determinants,department,N1530,Radiation Oncology,3,0.003,0.321
health_equity_social_determinants,division,N3343,Pediatrics / Newborn Medicine,1,0.001,0.304
health_equity_social_determinants,division,N3385,Pediatrics / Pulmonary and Allergy,1,0.001,0.299
health_equity_social_determinants,division,N7324,Surgery / Vascular Surgery,1,0.001,0.291
health_equity_social_determinants,department,N1740,Systems and Computational Biomedicine,8,0.0081,0.145
health_equity_social_determinants,division,N8835,Radiology / Diagnostic and Interventional Radiology,2,0.002,0.139
health_equity_social_determinants,department,N1420,Pathology and Laboratory Medicine,9,0.0091,0.105
health_equity_social_determinants,department,N1760,Brain and Mind Research,2,0.002,0.072
health_equity_social_determinants,department,N1700,Biochemistry and Biophysics,1,0.001,0.054
health_services_policy,division,N3436,Population Health Sciences / Health Policy and Economics,211,0.137,5.139
health_services_policy,division,N2466,Population Health Sciences / Comparative Effectiveness and Outcomes,219,0.1422,3.647
health_services_policy,department,N1240,Emergency Medicine,109,0.0708,2.558
health_services_policy,division,N8758,Surgery / General Surgery,3,0.0019,2.341
health_services_policy,department,N1480,Population Health Sciences,519,0.337,2.087
health_services_policy,division,N2856,Medicine / General Internal Medicine,212,0.1377,2.05
health_services_policy,division,N6235,"Surgery / Critical Care, Trauma and Burn Surgery",14,0.0091,1.999
health_services_policy,division,N7237,Surgery / Pediatric Surgery,3,0.0019,1.928
health_services_policy,division,N8555,Medicine / Geriatrics and Palliative Medicine,64,0.0416,1.902
health_services_policy,division,N5382,Pediatrics / General Pediatrics,28,0.0182,1.859
health_services_policy,division,N7773,Obstetrics and Gynecology / Gyn-Oncology,22,0.0143,1.787
health_services_policy,department,N1140,Anesthesiology,104,0.0675,1.71
health_services_policy,division,N8524,Neurology / Neurophysiology,3,0.0019,1.681
health_services_policy,division,N8764,Obstetrics and Gynecology / General Obstetrics and Gynecology,18,0.0117,1.507
health_services_policy,division,N3628,Obstetrics and Gynecology / Maternal Fetal Medicine,24,0.0156,1.469
health_services_policy,division,N3252,Pediatrics / Gastroenterology,5,0.0032,1.437
health_services_policy,department,N1580,Urology,48,0.0312,1.413
health_services_policy,division,N7453,Medicine / Gastroenterology and Hepatology,96,0.0623,1.225
health_services_policy,division,N6382,Medicine / Cardiology,69,0.0448,1.198
health_services_policy,division,N5687,Medicine / Medical Ethics,10,0.0065,1.15
health_services_policy,department,N1340,Obstetrics and Gynecology,69,0.0448,1.099
health_services_policy,department,N1560,Surgery,94,0.061,1.091
health_services_policy,division,N7724,Psychiatry / Hospital Programs,13,0.0084,1.08
health_services_policy,division,N7778,Surgery / Plastic and Reconstructive Surgery,14,0.0091,1.0
health_services_policy,department,N1500,Psychiatry,47,0.0305,0.996
health_services_policy,department,N1280,Medicine,537,0.3487,0.993
health_services_policy,division,N3623,Surgery / Liver Transplantation Surgery,2,0.0013,0.971
health_services_policy,department,N1932,Library,7,0.0045,0.921
health_services_policy,department,N1160,Cardiothoracic Surgery,48,0.0312,0.917
health_services_policy,department,N1360,Ophthalmology,13,0.0084,0.913
health_services_policy,department,N1300,Neurology,50,0.0325,0.892
health_services_policy,division,N8537,Pediatrics / Infectious Disease,8,0.0052,0.861
health_services_policy,division,N4967,Medicine / Infectious Diseases,62,0.0403,0.771
health_services_policy,department,N1440,Pediatrics,69,0.0448,0.761
health_services_policy,division,N2787,Population Health Sciences / Epidemiology,48,0.0312,0.732
health_services_policy,division,N4328,Pediatrics / Endocrinology,2,0.0013,0.728
health_services_policy,department,N1320,Neurological Surgery,40,0.026,0.642
health_services_policy,department,N1540,Rehabilitation Medicine,3,0.0019,0.63
health_services_policy,department,N1400,Otolaryngology Head and Neck Surgery,17,0.011,0.588
health_services_policy,division,N7324,Surgery / Vascular Surgery,3,0.0019,0.56
health_services_policy,department,N1520,Radiology,66,0.0429,0.535
health_services_policy,division,N3632,Medicine / Hematology and Medical Oncology,44,0.0286,0.404
health_services_policy,department,N1720,Genetic Medicine,8,0.0052,0.398
health_services_policy,division,N6252,Medicine / Pulmonary Medicine and Critical Care,12,0.0078,0.351
health_services_policy,department,N1530,Radiation Oncology,5,0.0032,0.342
health_services_policy,division,N6383,Medicine / Endocrinology Diabetes and Metabolism,12,0.0078,0.33
health_services_policy,division,N8288,Pediatrics / Hematology and Oncology,4,0.0026,0.327
health_services_policy,division,N7812,Medicine / Nephrology and Hypertension,7,0.0045,0.29
health_services_policy,division,N8835,Radiology / Diagnostic and Interventional Radiology,6,0.0039,0.268
health_services_policy,department,N1220,Dermatology,2,0.0013,0.143
health_services_policy,department,N1760,Brain and Mind Research,3,0.0019,0.069
health_services_policy,department,N1420,Pathology and Laboratory Medicine,9,0.0058,0.067
health_services_policy,department,N1740,Systems and Computational Biomedicine,2,0.0013,0.023
hematology,division,N8288,Pediatrics / Hematology and Oncology,30,0.0607,7.653
hematology,division,N3632,Medicine / Hematology and Medical Oncology,207,0.419,5.929
hematology,division,N5472,Pediatrics / Nephrology,4,0.0081,3.732
hematology,division,N3252,Pediatrics / Gastroenterology,4,0.0081,3.585
hematology,division,N8524,Neurology / Neurophysiology,2,0.004,3.493
hematology,division,N9332,Medicine / Regenerative Medicine,16,0.0324,3.215
hematology,department,N1420,Pathology and Laboratory Medicine,127,0.2571,2.966
hematology,department,N1440,Pediatrics,70,0.1417,2.405
hematology,division,N7324,Surgery / Vascular Surgery,4,0.0081,2.328
hematology,department,N1740,Systems and Computational Biomedicine,52,0.1053,1.883
hematology,department,N1280,Medicine,282,0.5709,1.625
hematology,division,N7812,Medicine / Nephrology and Hypertension,10,0.0202,1.29
hematology,department,N1530,Radiation Oncology,6,0.0121,1.281
hematology,division,N6252,Medicine / Pulmonary Medicine and Critical Care,14,0.0283,1.276
hematology,department,N1730,Microbiology and Immunology,10,0.0202,0.877
hematology,division,N6382,Medicine / Cardiology,16,0.0324,0.866
hematology,department,N1932,Library,2,0.004,0.821
hematology,department,N1300,Neurology,14,0.0283,0.779
hematology,department,N1750,Pharmacology,10,0.0202,0.764
hematology,division,N3385,Pediatrics / Pulmonary and Allergy,1,0.002,0.597
hematology,department,N1160,Cardiothoracic Surgery,8,0.0162,0.477
hematology,division,N4967,Medicine / Infectious Diseases,12,0.0243,0.465
hematology,department,N1140,Anesthesiology,9,0.0182,0.461
hematology,division,N7453,Medicine / Gastroenterology and Hepatology,11,0.0223,0.438
hematology,division,N8835,Radiology / Diagnostic and Interventional Radiology,3,0.0061,0.418
hematology,department,N1480,Population Health Sciences,32,0.0648,0.401
hematology,division,N3628,Obstetrics and Gynecology / Maternal Fetal Medicine,2,0.004,0.382
hematology,division,N2856,Medicine / General Internal Medicine,12,0.0243,0.362
hematology,department,N1520,Radiology,13,0.0263,0.329
hematology,department,N1400,Otolaryngology Head and Neck Surgery,3,0.0061,0.323
hematology,department,N1700,Biochemistry and Biophysics,3,0.0061,0.322
hematology,department,N1720,Genetic Medicine,2,0.004,0.31
hematology,department,N1320,Neurological Surgery,6,0.0121,0.3
hematology,department,N1560,Surgery,8,0.0162,0.29
hematology,division,N8764,Obstetrics and Gynecology / General Obstetrics and Gynecology,1,0.002,0.261
hematology,department,N1340,Obstetrics and Gynecology,5,0.0101,0.248
hematology,division,N7778,Surgery / Plastic and Reconstructive Surgery,1,0.002,0.223
hematology,department,N1360,Ophthalmology,1,0.002,0.219
hematology,division,N6383,Medicine / Endocrinology Diabetes and Metabolism,2,0.004,0.171
hematology,division,N2466,Population Health Sciences / Comparative Effectiveness and Outcomes,3,0.0061,0.156
hematology,department,N1760,Brain and Mind Research,2,0.004,0.144
immunology_inflammation,division,N8537,Pediatrics / Infectious Disease,27,0.0303,5.017
immunology_inflammation,department,N1530,Radiation Oncology,39,0.0437,4.611
immunology_inflammation,division,N8288,Pediatrics / Hematology and Oncology,25,0.028,3.532
immunology_inflammation,division,N3385,Pediatrics / Pulmonary and Allergy,10,0.0112,3.309
immunology_inflammation,department,N1220,Dermatology,24,0.0269,2.958
immunology_inflammation,division,N7812,Medicine / Nephrology and Hypertension,38,0.0426,2.715
immunology_inflammation,department,N1730,Microbiology and Immunology,54,0.0605,2.621
immunology_inflammation,division,N9332,Medicine / Regenerative Medicine,23,0.0258,2.559
immunology_inflammation,department,N1440,Pediatrics,134,0.1502,2.55
immunology_inflammation,division,N3252,Pediatrics / Gastroenterology,5,0.0056,2.481
immunology_inflammation,department,N1750,Pharmacology,53,0.0594,2.244
immunology_inflammation,department,N1720,Genetic Medicine,26,0.0291,2.234
immunology_inflammation,division,N6252,Medicine / Pulmonary Medicine and Critical Care,44,0.0493,2.222
immunology_inflammation,division,N5472,Pediatrics / Nephrology,4,0.0045,2.067
immunology_inflammation,department,N1740,Systems and Computational Biomedicine,102,0.1143,2.045
immunology_inflammation,division,N4967,Medicine / Infectious Diseases,87,0.0975,1.869
immunology_inflammation,department,N1760,Brain and Mind Research,47,0.0527,1.868
immunology_inflammation,division,N3632,Medicine / Hematology and Medical Oncology,113,0.1267,1.792
immunology_inflammation,department,N1700,Biochemistry and Biophysics,29,0.0325,1.725
immunology_inflammation,department,N1710,Cell and Developmental Biology,7,0.0078,1.703
immunology_inflammation,division,N7453,Medicine / Gastroenterology and Hepatology,77,0.0863,1.696
immunology_inflammation,department,N1420,Pathology and Laboratory Medicine,116,0.13,1.5
immunology_inflammation,department,N1280,Medicine,428,0.4798,1.366
immunology_inflammation,division,N6383,Medicine / Endocrinology Diabetes and Metabolism,23,0.0258,1.091
immunology_inflammation,division,N2787,Population Health Sciences / Epidemiology,29,0.0325,0.764
immunology_inflammation,department,N1340,Obstetrics and Gynecology,23,0.0258,0.632
immunology_inflammation,division,N4328,Pediatrics / Endocrinology,1,0.0011,0.629
immunology_inflammation,department,N1360,Ophthalmology,5,0.0056,0.606
immunology_inflammation,department,N1560,Surgery,28,0.0314,0.561
immunology_inflammation,department,N1160,Cardiothoracic Surgery,16,0.0179,0.528
immunology_inflammation,division,N6382,Medicine / Cardiology,16,0.0179,0.48
immunology_inflammation,division,N8835,Radiology / Diagnostic and Interventional Radiology,6,0.0067,0.463
immunology_inflammation,department,N1480,Population Health Sciences,65,0.0729,0.451
immunology_inflammation,division,N5676,Pediatrics / Cardiology,1,0.0011,0.449
immunology_inflammation,division,N8764,Obstetrics and Gynecology / General Obstetrics and Gynecology,3,0.0034,0.434
immunology_inflammation,division,N2856,Medicine / General Internal Medicine,23,0.0258,0.384
immunology_inflammation,department,N1540,Rehabilitation Medicine,1,0.0011,0.363
immunology_inflammation,department,N1300,Neurology,11,0.0123,0.339
immunology_inflammation,division,N3343,Pediatrics / Newborn Medicine,1,0.0011,0.337
immunology_inflammation,department,N1140,Anesthesiology,11,0.0123,0.312
immunology_inflammation,department,N1520,Radiology,17,0.0191,0.238
immunology_inflammation,department,N1932,Library,1,0.0011,0.227
immunology_inflammation,division,N3628,Obstetrics and Gynecology / Maternal Fetal Medicine,2,0.0022,0.211
immunology_inflammation,department,N1500,Psychiatry,5,0.0056,0.183
immunology_inflammation,department,N1320,Neurological Surgery,6,0.0067,0.166
immunology_inflammation,division,N7773,Obstetrics and Gynecology / Gyn-Oncology,1,0.0011,0.14
immunology_inflammation,division,N7778,Surgery / Plastic and Reconstructive Surgery,1,0.0011,0.123
immunology_inflammation,division,N2466,Population Health Sciences / Comparative Effectiveness and Outcomes,4,0.0045,0.115
immunology_inflammation,department,N1240,Emergency Medicine,2,0.0022,0.081
immunology_inflammation,department,N1400,Otolaryngology Head and Neck Surgery,1,0.0011,0.06
immunology_inflammation,department,N1580,Urology,1,0.0011,0.051
immunology_inflammation,division,N8555,Medicine / Geriatrics and Palliative Medicine,1,0.0011,0.051
immunology_inflammation,division,N3436,Population Health Sciences / Health Policy and Economics,1,0.0011,0.042
infectious_disease_immunology,division,N8537,Pediatrics / Infectious Disease,47,0.0408,6.762
infectious_disease_immunology,division,N4967,Medicine / Infectious Diseases,329,0.2856,5.472
infectious_disease_immunology,department,N1730,Microbiology and Immunology,113,0.0981,4.247
infectious_disease_immunology,division,N3623,Surgery / Liver Transplantation Surgery,5,0.0043,3.245
infectious_disease_immunology,division,N2787,Population Health Sciences / Epidemiology,125,0.1085,2.549
infectious_disease_immunology,division,N6252,Medicine / Pulmonary Medicine and Critical Care,60,0.0521,2.346
infectious_disease_immunology,division,N8524,Neurology / Neurophysiology,3,0.0026,2.247
infectious_disease_immunology,department,N1440,Pediatrics,124,0.1076,1.827
infectious_disease_immunology,division,N5472,Pediatrics / Nephrology,4,0.0035,1.6
infectious_disease_immunology,division,N7453,Medicine / Gastroenterology and Hepatology,91,0.079,1.552
infectious_disease_immunology,department,N1280,Medicine,607,0.5269,1.5
infectious_disease_immunology,division,N7812,Medicine / Nephrology and Hypertension,27,0.0234,1.493
infectious_disease_immunology,division,N2856,Medicine / General Internal Medicine,115,0.0998,1.487
infectious_disease_immunology,division,N3628,Obstetrics and Gynecology / Maternal Fetal Medicine,18,0.0156,1.473
infectious_disease_immunology,division,N9332,Medicine / Regenerative Medicine,14,0.0122,1.206
infectious_disease_immunology,department,N1480,Population Health Sciences,223,0.1936,1.199
infectious_disease_immunology,department,N1420,Pathology and Laboratory Medicine,117,0.1016,1.172
infectious_disease_immunology,department,N1240,Emergency Medicine,36,0.0312,1.129
infectious_disease_immunology,division,N8758,Surgery / General Surgery,1,0.0009,1.043
infectious_disease_immunology,division,N3436,Population Health Sciences / Health Policy and Economics,32,0.0278,1.042
infectious_disease_immunology,division,N3385,Pediatrics / Pulmonary and Allergy,4,0.0035,1.025
infectious_disease_immunology,division,N8764,Obstetrics and Gynecology / General Obstetrics and Gynecology,8,0.0069,0.895
infectious_disease_immunology,division,N5382,Pediatrics / General Pediatrics,10,0.0087,0.888
infectious_disease_immunology,division,N7724,Psychiatry / Hospital Programs,8,0.0069,0.888
infectious_disease_immunology,department,N1340,Obstetrics and Gynecology,40,0.0347,0.851
infectious_disease_immunology,department,N1720,Genetic Medicine,12,0.0104,0.798
infectious_disease_immunology,division,N3343,Pediatrics / Newborn Medicine,3,0.0026,0.782
infectious_disease_immunology,division,N3252,Pediatrics / Gastroenterology,2,0.0017,0.769
infectious_disease_immunology,department,N1220,Dermatology,8,0.0069,0.764
infectious_disease_immunology,department,N1932,Library,4,0.0035,0.704
infectious_disease_immunology,division,N6382,Medicine / Cardiology,30,0.026,0.696
infectious_disease_immunology,division,N6383,Medicine / Endocrinology Diabetes and Metabolism,17,0.0148,0.625
infectious_disease_immunology,department,N1750,Pharmacology,16,0.0139,0.524
infectious_disease_immunology,division,N3632,Medicine / Hematology and Medical Oncology,42,0.0365,0.516
infectious_disease_immunology,division,N2466,Population Health Sciences / Comparative Effectiveness and Outcomes,23,0.02,0.512
infectious_disease_immunology,department,N1700,Biochemistry and Biophysics,11,0.0095,0.507
infectious_disease_immunology,department,N1300,Neurology,21,0.0182,0.501
infectious_disease_immunology,department,N1740,Systems and Computational Biomedicine,32,0.0278,0.497
infectious_disease_immunology,department,N1560,Surgery,29,0.0252,0.45
infectious_disease_immunology,division,N8288,Pediatrics / Hematology and Oncology,4,0.0035,0.438
infectious_disease_immunology,division,N8835,Radiology / Diagnostic and Interventional Radiology,7,0.0061,0.418
infectious_disease_immunology,department,N1500,Psychiatry,14,0.0122,0.397
infectious_disease_immunology,division,N6235,"Surgery / Critical Care, Trauma and Burn Surgery",2,0.0017,0.382
infectious_disease_immunology,department,N1710,Cell and Developmental Biology,2,0.0017,0.377
infectious_disease_immunology,department,N1360,Ophthalmology,4,0.0035,0.376
infectious_disease_immunology,division,N8555,Medicine / Geriatrics and Palliative Medicine,9,0.0078,0.358
infectious_disease_immunology,department,N1530,Radiation Oncology,3,0.0026,0.275
infectious_disease_immunology,department,N1520,Radiology,24,0.0208,0.26
infectious_disease_immunology,division,N7324,Surgery / Vascular Surgery,1,0.0009,0.25
infectious_disease_immunology,department,N1400,Otolaryngology Head and Neck Surgery,5,0.0043,0.231
infectious_disease_immunology,department,N1760,Brain and Mind Research,7,0.0061,0.215
infectious_disease_immunology,department,N1320,Neurological Surgery,10,0.0087,0.214
infectious_disease_immunology,department,N1160,Cardiothoracic Surgery,6,0.0052,0.153
infectious_disease_immunology,department,N1140,Anesthesiology,6,0.0052,0.132
infectious_disease_immunology,department,N1580,Urology,3,0.0026,0.118
infectious_disease_immunology,division,N7773,Obstetrics and Gynecology / Gyn-Oncology,1,0.0009,0.109
infectious_disease_immunology,division,N7778,Surgery / Plastic and Reconstructive Surgery,1,0.0009,0.095
lung_cancer,department,N1160,Cardiothoracic Surgery,40,0.3478,10.239
lung_cancer,department,N1530,Radiation Oncology,5,0.0435,4.586
lung_cancer,division,N2787,Population Health Sciences / Epidemiology,18,0.1565,3.677
lung_cancer,department,N1750,Pharmacology,9,0.0783,2.955
lung_cancer,division,N3632,Medicine / Hematology and Medical Oncology,24,0.2087,2.953
lung_cancer,department,N1700,Biochemistry and Biophysics,6,0.0522,2.769
lung_cancer,department,N1740,Systems and Computational Biomedicine,12,0.1043,1.866
lung_cancer,division,N6252,Medicine / Pulmonary Medicine and Critical Care,4,0.0348,1.567
lung_cancer,department,N1520,Radiology,14,0.1217,1.521
lung_cancer,department,N1420,Pathology and Laboratory Medicine,14,0.1217,1.405
lung_cancer,department,N1480,Population Health Sciences,25,0.2174,1.346
lung_cancer,department,N1280,Medicine,38,0.3304,0.941
lung_cancer,division,N9332,Medicine / Regenerative Medicine,1,0.0087,0.863
lung_cancer,department,N1720,Genetic Medicine,1,0.0087,0.666
lung_cancer,division,N2856,Medicine / General Internal Medicine,4,0.0348,0.518
lung_cancer,department,N1560,Surgery,3,0.0261,0.466
lung_cancer,division,N6382,Medicine / Cardiology,2,0.0174,0.465
lung_cancer,division,N2466,Population Health Sciences / Comparative Effectiveness and Outcomes,1,0.0087,0.223
lung_cancer,department,N1140,Anesthesiology,1,0.0087,0.22
lung_cancer,department,N1340,Obstetrics and Gynecology,1,0.0087,0.213
maternal_child_health,division,N3628,Obstetrics and Gynecology / Maternal Fetal Medicine,69,0.183,17.249
maternal_child_health,division,N7284,Pediatrics / Genetics,3,0.008,15.749
maternal_child_health,department,N1340,Obstetrics and Gynecology,150,0.3979,9.757
maternal_child_health,division,N3343,Pediatrics / Newborn Medicine,11,0.0292,8.765
maternal_child_health,division,N8537,Pediatrics / Infectious Disease,16,0.0424,7.034
maternal_child_health,division,N5382,Pediatrics / General Pediatrics,14,0.0371,3.798
maternal_child_health,division,N8764,Obstetrics and Gynecology / General Obstetrics and Gynecology,10,0.0265,3.419
maternal_child_health,division,N4328,Pediatrics / Endocrinology,2,0.0053,2.975
maternal_child_health,department,N1440,Pediatrics,63,0.1671,2.837
maternal_child_health,division,N7453,Medicine / Gastroenterology and Hepatology,35,0.0928,1.824
maternal_child_health,department,N1710,Cell and Developmental Biology,3,0.008,1.727
maternal_child_health,division,N3385,Pediatrics / Pulmonary and Allergy,2,0.0053,1.566
maternal_child_health,department,N1140,Anesthesiology,23,0.061,1.544
maternal_child_health,department,N1500,Psychiatry,17,0.0451,1.472
maternal_child_health,department,N1240,Emergency Medicine,15,0.0398,1.438
maternal_child_health,division,N2466,Population Health Sciences / Comparative Effectiveness and Outcomes,21,0.0557,1.428
maternal_child_health,division,N2856,Medicine / General Internal Medicine,35,0.0928,1.383
maternal_child_health,department,N1480,Population Health Sciences,67,0.1777,1.101
maternal_child_health,department,N1932,Library,2,0.0053,1.075
maternal_child_health,division,N5676,Pediatrics / Cardiology,1,0.0027,1.062
maternal_child_health,division,N7812,Medicine / Nephrology and Hypertension,6,0.0159,1.014
maternal_child_health,division,N4967,Medicine / Infectious Diseases,19,0.0504,0.966
maternal_child_health,department,N1280,Medicine,95,0.252,0.718
maternal_child_health,department,N1300,Neurology,7,0.0186,0.51
maternal_child_health,division,N2787,Population Health Sciences / Epidemiology,8,0.0212,0.499
maternal_child_health,division,N3436,Population Health Sciences / Health Policy and Economics,5,0.0133,0.497
maternal_child_health,division,N6383,Medicine / Endocrinology Diabetes and Metabolism,4,0.0106,0.449
maternal_child_health,department,N1420,Pathology and Laboratory Medicine,12,0.0318,0.367
maternal_child_health,division,N7724,Psychiatry / Hospital Programs,1,0.0027,0.339
maternal_child_health,division,N7773,Obstetrics and Gynecology / Gyn-Oncology,1,0.0027,0.332
maternal_child_health,department,N1750,Pharmacology,3,0.008,0.3
maternal_child_health,division,N7778,Surgery / Plastic and Reconstructive Surgery,1,0.0027,0.292
maternal_child_health,department,N1530,Radiation Oncology,1,0.0027,0.28
maternal_child_health,division,N9332,Medicine / Regenerative Medicine,1,0.0027,0.263
maternal_child_health,department,N1560,Surgery,4,0.0106,0.19
maternal_child_health,department,N1740,Systems and Computational Biomedicine,4,0.0106,0.19
maternal_child_health,department,N1520,Radiology,5,0.0133,0.166
maternal_child_health,division,N3632,Medicine / Hematology and Medical Oncology,4,0.0106,0.15
maternal_child_health,department,N1730,Microbiology and Immunology,1,0.0027,0.115
maternal_child_health,division,N6382,Medicine / Cardiology,1,0.0027,0.071
maternal_child_health,department,N1320,Neurological Surgery,1,0.0027,0.066
medical_education_workforce,division,N7237,Surgery / Pediatric Surgery,7,0.0119,11.801
medical_education_workforce,division,N5382,Pediatrics / General Pediatrics,36,0.0613,6.272
medical_education_workforce,department,N1240,Emergency Medicine,58,0.0988,3.571
medical_education_workforce,division,N8555,Medicine / Geriatrics and Palliative Medicine,42,0.0716,3.275
medical_education_workforce,division,N3252,Pediatrics / Gastroenterology,4,0.0068,3.017
medical_education_workforce,division,N2856,Medicine / General Internal Medicine,90,0.1533,2.284
medical_education_workforce,division,N3343,Pediatrics / Newborn Medicine,4,0.0068,2.047
medical_education_workforce,division,N8758,Surgery / General Surgery,1,0.0017,2.047
medical_education_workforce,department,N1520,Radiology,95,0.1618,2.022
medical_education_workforce,department,N1400,Otolaryngology Head and Neck Surgery,22,0.0375,1.995
medical_education_workforce,division,N8835,Radiology / Diagnostic and Interventional Radiology,16,0.0273,1.875
medical_education_workforce,division,N6235,"Surgery / Critical Care, Trauma and Burn Surgery",5,0.0085,1.873
medical_education_workforce,department,N1500,Psychiatry,29,0.0494,1.612
medical_education_workforce,department,N1440,Pediatrics,54,0.092,1.562
medical_education_workforce,department,N1140,Anesthesiology,31,0.0528,1.337
medical_education_workforce,division,N7724,Psychiatry / Hospital Programs,6,0.0102,1.308
medical_education_workforce,department,N1560,Surgery,39,0.0664,1.188
medical_education_workforce,department,N1320,Neurological Surgery,27,0.046,1.136
medical_education_workforce,department,N1300,Neurology,24,0.0409,1.124
medical_education_workforce,department,N1932,Library,3,0.0051,1.036
medical_education_workforce,division,N7324,Surgery / Vascular Surgery,2,0.0034,0.98
medical_education_workforce,department,N1280,Medicine,188,0.3203,0.912
medical_education_workforce,division,N5687,Medicine / Medical Ethics,3,0.0051,0.905
medical_education_workforce,division,N3436,Population Health Sciences / Health Policy and Economics,14,0.0239,0.895
medical_education_workforce,division,N7773,Obstetrics and Gynecology / Gyn-Oncology,4,0.0068,0.852
medical_education_workforce,division,N3628,Obstetrics and Gynecology / Maternal Fetal Medicine,5,0.0085,0.803
medical_education_workforce,department,N1340,Obstetrics and Gynecology,18,0.0307,0.752
medical_education_workforce,department,N1360,Ophthalmology,4,0.0068,0.737
medical_education_workforce,division,N6252,Medicine / Pulmonary Medicine and Critical Care,9,0.0153,0.691
medical_education_workforce,division,N5676,Pediatrics / Cardiology,1,0.0017,0.682
medical_education_workforce,department,N1580,Urology,8,0.0136,0.618
medical_education_workforce,department,N1220,Dermatology,3,0.0051,0.562
medical_education_workforce,division,N7778,Surgery / Plastic and Reconstructive Surgery,3,0.0051,0.562
medical_education_workforce,department,N1540,Rehabilitation Medicine,1,0.0017,0.551
medical_education_workforce,division,N6383,Medicine / Endocrinology Diabetes and Metabolism,7,0.0119,0.505
medical_education_workforce,department,N1480,Population Health Sciences,47,0.0801,0.496
medical_education_workforce,division,N4967,Medicine / Infectious Diseases,14,0.0239,0.457
medical_education_workforce,division,N8764,Obstetrics and Gynecology / General Obstetrics and Gynecology,2,0.0034,0.439
medical_education_workforce,division,N7812,Medicine / Nephrology and Hypertension,4,0.0068,0.434
medical_education_workforce,division,N8288,Pediatrics / Hematology and Oncology,2,0.0034,0.429
medical_education_workforce,division,N2787,Population Health Sciences / Epidemiology,9,0.0153,0.36
medical_education_workforce,department,N1160,Cardiothoracic Surgery,7,0.0119,0.351
medical_education_workforce,division,N7453,Medicine / Gastroenterology and Hepatology,10,0.017,0.335
medical_education_workforce,division,N6382,Medicine / Cardiology,7,0.0119,0.319
medical_education_workforce,division,N2466,Population Health Sciences / Comparative Effectiveness and Outcomes,6,0.0102,0.262
medical_education_workforce,department,N1740,Systems and Computational Biomedicine,6,0.0102,0.183
medical_education_workforce,division,N3632,Medicine / Hematology and Medical Oncology,7,0.0119,0.169
medical_education_workforce,department,N1420,Pathology and Laboratory Medicine,4,0.0068,0.079
melanoma_skin_cancer,department,N1220,Dermatology,12,0.1644,18.074
melanoma_skin_cancer,department,N1750,Pharmacology,12,0.1644,6.207
melanoma_skin_cancer,division,N3632,Medicine / Hematology and Medical Oncology,22,0.3014,4.264
melanoma_skin_cancer,department,N1400,Otolaryngology Head and Neck Surgery,4,0.0548,2.917
melanoma_skin_cancer,division,N9332,Medicine / Regenerative Medicine,2,0.0274,2.719
melanoma_skin_cancer,department,N1420,Pathology and Laboratory Medicine,14,0.1918,2.213
melanoma_skin_cancer,division,N8288,Pediatrics / Hematology and Oncology,1,0.0137,1.726
melanoma_skin_cancer,department,N1360,Ophthalmology,1,0.0137,1.482
melanoma_skin_cancer,department,N1740,Systems and Computational Biomedicine,6,0.0822,1.47
melanoma_skin_cancer,division,N5382,Pediatrics / General Pediatrics,1,0.0137,1.401
melanoma_skin_cancer,department,N1280,Medicine,33,0.4521,1.287
melanoma_skin_cancer,department,N1560,Surgery,4,0.0548,0.98
melanoma_skin_cancer,department,N1160,Cardiothoracic Surgery,2,0.0274,0.806
melanoma_skin_cancer,department,N1700,Biochemistry and Biophysics,1,0.0137,0.727
melanoma_skin_cancer,department,N1440,Pediatrics,2,0.0274,0.465
melanoma_skin_cancer,department,N1480,Population Health Sciences,5,0.0685,0.424
melanoma_skin_cancer,department,N1520,Radiology,1,0.0137,0.171
mental_health_psychiatry,division,N7724,Psychiatry / Hospital Programs,78,0.1309,16.742
mental_health_psychiatry,department,N1500,Psychiatry,230,0.3859,12.593
mental_health_psychiatry,division,N7225,Pediatrics / Child Development,1,0.0017,6.272
mental_health_psychiatry,division,N8555,Medicine / Geriatrics and Palliative Medicine,51,0.0856,3.917
mental_health_psychiatry,division,N5382,Pediatrics / General Pediatrics,21,0.0352,3.603
mental_health_psychiatry,department,N1340,Obstetrics and Gynecology,46,0.0772,1.893
mental_health_psychiatry,division,N7237,Surgery / Pediatric Surgery,1,0.0017,1.66
mental_health_psychiatry,division,N2466,Population Health Sciences / Comparative Effectiveness and Outcomes,38,0.0638,1.635
mental_health_psychiatry,department,N1480,Population Health Sciences,157,0.2634,1.631
mental_health_psychiatry,division,N6235,"Surgery / Critical Care, Trauma and Burn Surgery",4,0.0067,1.476
mental_health_psychiatry,department,N1520,Radiology,65,0.1091,1.363
mental_health_psychiatry,department,N1932,Library,4,0.0067,1.36
mental_health_psychiatry,department,N1240,Emergency Medicine,18,0.0302,1.091
mental_health_psychiatry,division,N3436,Population Health Sciences / Health Policy and Economics,16,0.0268,1.007
mental_health_psychiatry,division,N4328,Pediatrics / Endocrinology,1,0.0017,0.941
mental_health_psychiatry,division,N5687,Medicine / Medical Ethics,3,0.005,0.891
mental_health_psychiatry,department,N1440,Pediatrics,29,0.0487,0.826
mental_health_psychiatry,division,N2856,Medicine / General Internal Medicine,31,0.052,0.775
mental_health_psychiatry,department,N1710,Cell and Developmental Biology,2,0.0034,0.728
mental_health_psychiatry,division,N5676,Pediatrics / Cardiology,1,0.0017,0.672
mental_health_psychiatry,division,N2787,Population Health Sciences / Epidemiology,17,0.0285,0.67
mental_health_psychiatry,division,N8764,Obstetrics and Gynecology / General Obstetrics and Gynecology,3,0.005,0.649
mental_health_psychiatry,division,N3628,Obstetrics and Gynecology / Maternal Fetal Medicine,4,0.0067,0.633
mental_health_psychiatry,division,N7773,Obstetrics and Gynecology / Gyn-Oncology,3,0.005,0.63
mental_health_psychiatry,department,N1540,Rehabilitation Medicine,1,0.0017,0.543
mental_health_psychiatry,department,N1700,Biochemistry and Biophysics,6,0.0101,0.534
mental_health_psychiatry,department,N1140,Anesthesiology,12,0.0201,0.51
mental_health_psychiatry,department,N1280,Medicine,106,0.1779,0.506
mental_health_psychiatry,department,N1760,Brain and Mind Research,8,0.0134,0.476
mental_health_psychiatry,division,N8835,Radiology / Diagnostic and Interventional Radiology,4,0.0067,0.462
mental_health_psychiatry,division,N6252,Medicine / Pulmonary Medicine and Critical Care,6,0.0101,0.453
mental_health_psychiatry,department,N1750,Pharmacology,7,0.0117,0.444
mental_health_psychiatry,division,N4967,Medicine / Infectious Diseases,12,0.0201,0.386
mental_health_psychiatry,division,N6383,Medicine / Endocrinology Diabetes and Metabolism,5,0.0084,0.355
mental_health_psychiatry,department,N1300,Neurology,7,0.0117,0.323
mental_health_psychiatry,department,N1400,Otolaryngology Head and Neck Surgery,3,0.005,0.268
mental_health_psychiatry,department,N1720,Genetic Medicine,2,0.0034,0.257
mental_health_psychiatry,department,N1740,Systems and Computational Biomedicine,7,0.0117,0.21
mental_health_psychiatry,division,N7778,Surgery / Plastic and Reconstructive Surgery,1,0.0017,0.184
mental_health_psychiatry,department,N1360,Ophthalmology,1,0.0017,0.182
mental_health_psychiatry,department,N1560,Surgery,6,0.0101,0.18
mental_health_psychiatry,division,N9332,Medicine / Regenerative Medicine,1,0.0017,0.167
mental_health_psychiatry,division,N7453,Medicine / Gastroenterology and Hepatology,5,0.0084,0.165
mental_health_psychiatry,department,N1580,Urology,2,0.0034,0.152
mental_health_psychiatry,division,N3632,Medicine / Hematology and Medical Oncology,4,0.0067,0.095
mental_health_psychiatry,department,N1320,Neurological Surgery,2,0.0034,0.083
mental_health_psychiatry,department,N1160,Cardiothoracic Surgery,1,0.0017,0.049
mental_health_psychiatry,division,N6382,Medicine / Cardiology,1,0.0017,0.045
mental_health_psychiatry,department,N1420,Pathology and Laboratory Medicine,1,0.0017,0.019
metabolic_endocrine_disease,division,N4328,Pediatrics / Endocrinology,14,0.0233,13.062
metabolic_endocrine_disease,division,N6383,Medicine / Endocrinology Diabetes and Metabolism,165,0.2745,11.619
metabolic_endocrine_disease,division,N8758,Surgery / General Surgery,3,0.005,5.998
metabolic_endocrine_disease,division,N3623,Surgery / Liver Transplantation Surgery,3,0.005,3.732
metabolic_endocrine_disease,department,N1720,Genetic Medicine,27,0.0449,3.443
metabolic_endocrine_disease,division,N7453,Medicine / Gastroenterology and Hepatology,74,0.1231,2.42
metabolic_endocrine_disease,department,N1700,Biochemistry and Biophysics,23,0.0383,2.031
metabolic_endocrine_disease,department,N1710,Cell and Developmental Biology,5,0.0083,1.806
metabolic_endocrine_disease,department,N1280,Medicine,351,0.584,1.663
metabolic_endocrine_disease,division,N9332,Medicine / Regenerative Medicine,10,0.0166,1.651
metabolic_endocrine_disease,department,N1560,Surgery,54,0.0899,1.606
metabolic_endocrine_disease,division,N2856,Medicine / General Internal Medicine,62,0.1032,1.536
metabolic_endocrine_disease,division,N3385,Pediatrics / Pulmonary and Allergy,3,0.005,1.473
metabolic_endocrine_disease,division,N6382,Medicine / Cardiology,30,0.0499,1.335
metabolic_endocrine_disease,division,N2787,Population Health Sciences / Epidemiology,34,0.0566,1.329
metabolic_endocrine_disease,department,N1360,Ophthalmology,7,0.0116,1.26
metabolic_endocrine_disease,department,N1932,Library,3,0.005,1.012
metabolic_endocrine_disease,department,N1740,Systems and Computational Biomedicine,32,0.0532,0.952
metabolic_endocrine_disease,department,N1750,Pharmacology,14,0.0233,0.88
metabolic_endocrine_disease,department,N1530,Radiation Oncology,5,0.0083,0.877
metabolic_endocrine_disease,division,N3628,Obstetrics and Gynecology / Maternal Fetal Medicine,5,0.0083,0.784
metabolic_endocrine_disease,division,N5472,Pediatrics / Nephrology,1,0.0017,0.767
metabolic_endocrine_disease,department,N1440,Pediatrics,27,0.0449,0.763
metabolic_endocrine_disease,division,N4967,Medicine / Infectious Diseases,22,0.0366,0.701
metabolic_endocrine_disease,department,N1730,Microbiology and Immunology,9,0.015,0.648
metabolic_endocrine_disease,department,N1480,Population Health Sciences,62,0.1032,0.639
metabolic_endocrine_disease,division,N7812,Medicine / Nephrology and Hypertension,6,0.01,0.636
metabolic_endocrine_disease,department,N1400,Otolaryngology Head and Neck Surgery,7,0.0116,0.62
metabolic_endocrine_disease,division,N6252,Medicine / Pulmonary Medicine and Critical Care,8,0.0133,0.6
metabolic_endocrine_disease,division,N5382,Pediatrics / General Pediatrics,3,0.005,0.51
metabolic_endocrine_disease,department,N1420,Pathology and Laboratory Medicine,26,0.0433,0.499
metabolic_endocrine_disease,division,N7324,Surgery / Vascular Surgery,1,0.0017,0.478
metabolic_endocrine_disease,department,N1760,Brain and Mind Research,8,0.0133,0.472
metabolic_endocrine_disease,division,N8288,Pediatrics / Hematology and Oncology,2,0.0033,0.419
metabolic_endocrine_disease,department,N1340,Obstetrics and Gynecology,10,0.0166,0.408
metabolic_endocrine_disease,department,N1580,Urology,5,0.0083,0.377
metabolic_endocrine_disease,department,N1220,Dermatology,2,0.0033,0.366
metabolic_endocrine_disease,department,N1160,Cardiothoracic Surgery,7,0.0116,0.343
metabolic_endocrine_disease,division,N8835,Radiology / Diagnostic and Interventional Radiology,3,0.005,0.343
metabolic_endocrine_disease,department,N1320,Neurological Surgery,8,0.0133,0.329
metabolic_endocrine_disease,department,N1500,Psychiatry,5,0.0083,0.271
metabolic_endocrine_disease,division,N3632,Medicine / Hematology and Medical Oncology,11,0.0183,0.259
metabolic_endocrine_disease,division,N8764,Obstetrics and Gynecology / General Obstetrics and Gynecology,1,0.0017,0.214
metabolic_endocrine_disease,division,N7724,Psychiatry / Hospital Programs,1,0.0017,0.213
metabolic_endocrine_disease,department,N1140,Anesthesiology,5,0.0083,0.211
metabolic_endocrine_disease,department,N1520,Radiology,10,0.0166,0.208
metabolic_endocrine_disease,division,N7773,Obstetrics and Gynecology / Gyn-Oncology,1,0.0017,0.208
metabolic_endocrine_disease,department,N1240,Emergency Medicine,3,0.005,0.18
metabolic_endocrine_disease,division,N2466,Population Health Sciences / Comparative Effectiveness and Outcomes,4,0.0067,0.171
metabolic_endocrine_disease,department,N1300,Neurology,3,0.005,0.137
metabolic_endocrine_disease,division,N3436,Population Health Sciences / Health Policy and Economics,2,0.0033,0.125
metabolic_endocrine_disease,division,N8555,Medicine / Geriatrics and Palliative Medicine,1,0.0017,0.076
microbiome_research,division,N3252,Pediatrics / Gastroenterology,5,0.0379,16.769
microbiome_research,division,N7453,Medicine / Gastroenterology and Hepatology,38,0.2879,5.658
microbiome_research,department,N1932,Library,3,0.0227,4.606
microbiome_research,division,N3385,Pediatrics / Pulmonary and Allergy,2,0.0152,4.472
microbiome_research,division,N7812,Medicine / Nephrology and Hypertension,8,0.0606,3.862
microbiome_research,division,N6252,Medicine / Pulmonary Medicine and Critical Care,9,0.0682,3.071
microbiome_research,division,N8288,Pediatrics / Hematology and Oncology,3,0.0227,2.864
microbiome_research,department,N1740,Systems and Computational Biomedicine,21,0.1591,2.846
microbiome_research,department,N1530,Radiation Oncology,3,0.0227,2.397
microbiome_research,division,N3343,Pediatrics / Newborn Medicine,1,0.0076,2.276
microbiome_research,division,N4967,Medicine / Infectious Diseases,15,0.1136,2.177
microbiome_research,department,N1440,Pediatrics,16,0.1212,2.058
microbiome_research,department,N1280,Medicine,82,0.6212,1.769
microbiome_research,department,N1220,Dermatology,2,0.0152,1.666
microbiome_research,department,N1420,Pathology and Laboratory Medicine,15,0.1136,1.311
microbiome_research,division,N8537,Pediatrics / Infectious Disease,1,0.0076,1.256
microbiome_research,department,N1760,Brain and Mind Research,4,0.0303,1.074
microbiome_research,division,N8764,Obstetrics and Gynecology / General Obstetrics and Gynecology,1,0.0076,0.977
microbiome_research,division,N6383,Medicine / Endocrinology Diabetes and Metabolism,3,0.0227,0.962
microbiome_research,department,N1750,Pharmacology,3,0.0227,0.858
microbiome_research,department,N1480,Population Health Sciences,16,0.1212,0.751
microbiome_research,division,N3632,Medicine / Hematology and Medical Oncology,7,0.053,0.75
microbiome_research,department,N1340,Obstetrics and Gynecology,4,0.0303,0.743
microbiome_research,department,N1730,Microbiology and Immunology,2,0.0152,0.656
microbiome_research,department,N1400,Otolaryngology Head and Neck Surgery,1,0.0076,0.403
microbiome_research,division,N8555,Medicine / Geriatrics and Palliative Medicine,1,0.0076,0.347
microbiome_research,division,N2856,Medicine / General Internal Medicine,3,0.0227,0.338
microbiome_research,department,N1560,Surgery,2,0.0152,0.271
microbiome_research,department,N1300,Neurology,1,0.0076,0.208
microbiome_research,division,N6382,Medicine / Cardiology,1,0.0076,0.203
microbiome_research,department,N1140,Anesthesiology,1,0.0076,0.192
microbiome_research,department,N1520,Radiology,1,0.0076,0.095
musculoskeletal_orthopedic_medicine,department,N1540,Rehabilitation Medicine,23,0.0712,23.036
musculoskeletal_orthopedic_medicine,department,N1320,Neurological Surgery,163,0.5046,12.466
musculoskeletal_orthopedic_medicine,division,N4328,Pediatrics / Endocrinology,2,0.0062,3.472
musculoskeletal_orthopedic_medicine,division,N7778,Surgery / Plastic and Reconstructive Surgery,10,0.031,3.404
musculoskeletal_orthopedic_medicine,division,N5472,Pediatrics / Nephrology,2,0.0062,2.854
musculoskeletal_orthopedic_medicine,division,N6383,Medicine / Endocrinology Diabetes and Metabolism,11,0.0341,1.441
musculoskeletal_orthopedic_medicine,division,N6235,"Surgery / Critical Care, Trauma and Burn Surgery",2,0.0062,1.362
musculoskeletal_orthopedic_medicine,division,N8835,Radiology / Diagnostic and Interventional Radiology,6,0.0186,1.278
musculoskeletal_orthopedic_medicine,department,N1932,Library,2,0.0062,1.255
musculoskeletal_orthopedic_medicine,department,N1520,Radiology,32,0.0991,1.238
musculoskeletal_orthopedic_medicine,department,N1140,Anesthesiology,15,0.0464,1.176
musculoskeletal_orthopedic_medicine,department,N1560,Surgery,18,0.0557,0.996
musculoskeletal_orthopedic_medicine,division,N7812,Medicine / Nephrology and Hypertension,5,0.0155,0.986
musculoskeletal_orthopedic_medicine,department,N1420,Pathology and Laboratory Medicine,25,0.0774,0.893
musculoskeletal_orthopedic_medicine,department,N1400,Otolaryngology Head and Neck Surgery,5,0.0155,0.824
musculoskeletal_orthopedic_medicine,division,N5382,Pediatrics / General Pediatrics,2,0.0062,0.633
musculoskeletal_orthopedic_medicine,division,N2466,Population Health Sciences / Comparative Effectiveness and Outcomes,6,0.0186,0.476
musculoskeletal_orthopedic_medicine,division,N8288,Pediatrics / Hematology and Oncology,1,0.0031,0.39
musculoskeletal_orthopedic_medicine,department,N1440,Pediatrics,7,0.0217,0.368
musculoskeletal_orthopedic_medicine,department,N1360,Ophthalmology,1,0.0031,0.335
musculoskeletal_orthopedic_medicine,division,N9332,Medicine / Regenerative Medicine,1,0.0031,0.307
musculoskeletal_orthopedic_medicine,department,N1280,Medicine,33,0.1022,0.291
musculoskeletal_orthopedic_medicine,division,N2856,Medicine / General Internal Medicine,6,0.0186,0.277
musculoskeletal_orthopedic_medicine,department,N1480,Population Health Sciences,14,0.0433,0.268
musculoskeletal_orthopedic_medicine,department,N1240,Emergency Medicine,2,0.0062,0.224
musculoskeletal_orthopedic_medicine,department,N1760,Brain and Mind Research,2,0.0062,0.22
musculoskeletal_orthopedic_medicine,division,N2787,Population Health Sciences / Epidemiology,3,0.0093,0.218
musculoskeletal_orthopedic_medicine,department,N1300,Neurology,2,0.0062,0.17
musculoskeletal_orthopedic_medicine,division,N8555,Medicine / Geriatrics and Palliative Medicine,1,0.0031,0.142
musculoskeletal_orthopedic_medicine,division,N6252,Medicine / Pulmonary Medicine and Critical Care,1,0.0031,0.139
musculoskeletal_orthopedic_medicine,division,N3632,Medicine / Hematology and Medical Oncology,3,0.0093,0.131
musculoskeletal_orthopedic_medicine,division,N3436,Population Health Sciences / Health Policy and Economics,1,0.0031,0.116
musculoskeletal_orthopedic_medicine,department,N1500,Psychiatry,1,0.0031,0.101
musculoskeletal_orthopedic_medicine,department,N1160,Cardiothoracic Surgery,1,0.0031,0.091
musculoskeletal_orthopedic_medicine,division,N6382,Medicine / Cardiology,1,0.0031,0.083
musculoskeletal_orthopedic_medicine,division,N7453,Medicine / Gastroenterology and Hepatology,1,0.0031,0.061
musculoskeletal_orthopedic_medicine,department,N1740,Systems and Computational Biomedicine,1,0.0031,0.055
nephrology_renal_disease,division,N5472,Pediatrics / Nephrology,18,0.0717,33.052
nephrology_renal_disease,division,N7812,Medicine / Nephrology and Hypertension,97,0.3865,24.625
nephrology_renal_disease,division,N3623,Surgery / Liver Transplantation Surgery,7,0.0279,20.851
nephrology_renal_disease,division,N7284,Pediatrics / Genetics,1,0.004,7.885
nephrology_renal_disease,division,N7324,Surgery / Vascular Surgery,3,0.012,3.437
nephrology_renal_disease,department,N1700,Biochemistry and Biophysics,12,0.0478,2.537
nephrology_renal_disease,division,N4328,Pediatrics / Endocrinology,1,0.004,2.234
nephrology_renal_disease,department,N1280,Medicine,143,0.5697,1.622
nephrology_renal_disease,department,N1520,Radiology,31,0.1235,1.543
nephrology_renal_disease,department,N1440,Pediatrics,22,0.0876,1.488
nephrology_renal_disease,department,N1720,Genetic Medicine,4,0.0159,1.221
nephrology_renal_disease,department,N1560,Surgery,16,0.0637,1.14
nephrology_renal_disease,division,N4967,Medicine / Infectious Diseases,14,0.0558,1.069
nephrology_renal_disease,department,N1160,Cardiothoracic Surgery,9,0.0359,1.055
nephrology_renal_disease,department,N1420,Pathology and Laboratory Medicine,20,0.0797,0.919
nephrology_renal_disease,department,N1750,Pharmacology,6,0.0239,0.903
nephrology_renal_disease,division,N6235,"Surgery / Critical Care, Trauma and Burn Surgery",1,0.004,0.876
nephrology_renal_disease,division,N3632,Medicine / Hematology and Medical Oncology,15,0.0598,0.846
nephrology_renal_disease,division,N6383,Medicine / Endocrinology Diabetes and Metabolism,5,0.0199,0.843
nephrology_renal_disease,department,N1932,Library,1,0.004,0.807
nephrology_renal_disease,division,N7453,Medicine / Gastroenterology and Hepatology,10,0.0398,0.783
nephrology_renal_disease,department,N1580,Urology,4,0.0159,0.723
nephrology_renal_disease,division,N6252,Medicine / Pulmonary Medicine and Critical Care,4,0.0159,0.718
nephrology_renal_disease,department,N1740,Systems and Computational Biomedicine,10,0.0398,0.713
nephrology_renal_disease,division,N6382,Medicine / Cardiology,6,0.0239,0.639
nephrology_renal_disease,department,N1480,Population Health Sciences,25,0.0996,0.617
nephrology_renal_disease,division,N2856,Medicine / General Internal Medicine,10,0.0398,0.593
nephrology_renal_disease,department,N1730,Microbiology and Immunology,3,0.012,0.518
nephrology_renal_disease,department,N1530,Radiation Oncology,1,0.004,0.42
nephrology_renal_disease,division,N8555,Medicine / Geriatrics and Palliative Medicine,2,0.008,0.365
nephrology_renal_disease,department,N1140,Anesthesiology,3,0.012,0.303
nephrology_renal_disease,division,N3436,Population Health Sciences / Health Policy and Economics,2,0.008,0.299
nephrology_renal_disease,division,N8835,Radiology / Diagnostic and Interventional Radiology,1,0.004,0.274
nephrology_renal_disease,department,N1240,Emergency Medicine,1,0.004,0.144
nephrology_renal_disease,department,N1760,Brain and Mind Research,1,0.004,0.141
nephrology_renal_disease,department,N1300,Neurology,1,0.004,0.11
nephrology_renal_disease,department,N1340,Obstetrics and Gynecology,1,0.004,0.098
neuro_oncology,department,N1530,Radiation Oncology,14,0.1261,13.303
neuro_oncology,department,N1320,Neurological Surgery,57,0.5135,12.685
neuro_oncology,division,N8835,Radiology / Diagnostic and Interventional Radiology,20,0.1802,12.397
neuro_oncology,department,N1300,Neurology,28,0.2523,6.934
neuro_oncology,department,N1360,Ophthalmology,4,0.036,3.898
neuro_oncology,department,N1420,Pathology and Laboratory Medicine,33,0.2973,3.43
neuro_oncology,department,N1520,Radiology,30,0.2703,3.377
neuro_oncology,department,N1540,Rehabilitation Medicine,1,0.009,2.915
neuro_oncology,department,N1740,Systems and Computational Biomedicine,13,0.1171,2.095
neuro_oncology,department,N1760,Brain and Mind Research,4,0.036,1.278
neuro_oncology,department,N1750,Pharmacology,3,0.027,1.021
neuro_oncology,division,N3632,Medicine / Hematology and Medical Oncology,7,0.0631,0.892
neuro_oncology,department,N1730,Microbiology and Immunology,2,0.018,0.78
neuro_oncology,department,N1400,Otolaryngology Head and Neck Surgery,1,0.009,0.48
neuro_oncology,department,N1480,Population Health Sciences,6,0.0541,0.335
neuro_oncology,department,N1160,Cardiothoracic Surgery,1,0.009,0.265
neuro_oncology,department,N1140,Anesthesiology,1,0.009,0.228
neuro_oncology,division,N2787,Population Health Sciences / Epidemiology,1,0.009,0.212
neuro_oncology,department,N1280,Medicine,7,0.0631,0.18
neurodegenerative_disease,division,N8835,Radiology / Diagnostic and Interventional Radiology,51,0.191,13.142
neurodegenerative_disease,department,N1760,Brain and Mind Research,58,0.2172,7.701
neurodegenerative_disease,division,N8524,Neurology / Neurophysiology,2,0.0075,6.462
neurodegenerative_disease,department,N1520,Radiology,91,0.3408,4.258
neurodegenerative_disease,department,N1300,Neurology,41,0.1536,4.221
neurodegenerative_disease,department,N1700,Biochemistry and Biophysics,21,0.0787,4.174
neurodegenerative_disease,department,N1720,Genetic Medicine,11,0.0412,3.157
neurodegenerative_disease,division,N6383,Medicine / Endocrinology Diabetes and Metabolism,11,0.0412,1.744
neurodegenerative_disease,department,N1320,Neurological Surgery,14,0.0524,1.295
neurodegenerative_disease,department,N1360,Ophthalmology,3,0.0112,1.216
neurodegenerative_disease,department,N1540,Rehabilitation Medicine,1,0.0037,1.212
neurodegenerative_disease,department,N1400,Otolaryngology Head and Neck Surgery,6,0.0225,1.196
neurodegenerative_disease,division,N3385,Pediatrics / Pulmonary and Allergy,1,0.0037,1.105
neurodegenerative_disease,division,N6252,Medicine / Pulmonary Medicine and Critical Care,5,0.0187,0.843
neurodegenerative_disease,department,N1530,Radiation Oncology,2,0.0075,0.79
neurodegenerative_disease,division,N8555,Medicine / Geriatrics and Palliative Medicine,4,0.015,0.686
neurodegenerative_disease,division,N5687,Medicine / Medical Ethics,1,0.0037,0.663
neurodegenerative_disease,department,N1480,Population Health Sciences,28,0.1049,0.649
neurodegenerative_disease,department,N1500,Psychiatry,5,0.0187,0.611
neurodegenerative_disease,department,N1740,Systems and Computational Biomedicine,9,0.0337,0.603
neurodegenerative_disease,department,N1140,Anesthesiology,5,0.0187,0.474
neurodegenerative_disease,division,N2787,Population Health Sciences / Epidemiology,5,0.0187,0.44
neurodegenerative_disease,department,N1280,Medicine,38,0.1423,0.405
neurodegenerative_disease,division,N9332,Medicine / Regenerative Medicine,1,0.0037,0.372
neurodegenerative_disease,division,N4967,Medicine / Infectious Diseases,5,0.0187,0.359
neurodegenerative_disease,division,N3632,Medicine / Hematology and Medical Oncology,5,0.0187,0.265
neurodegenerative_disease,division,N2856,Medicine / General Internal Medicine,4,0.015,0.223
neurodegenerative_disease,division,N7453,Medicine / Gastroenterology and Hepatology,3,0.0112,0.221
neurodegenerative_disease,department,N1420,Pathology and Laboratory Medicine,4,0.015,0.173
neurodegenerative_disease,department,N1750,Pharmacology,1,0.0037,0.141
neurodegenerative_disease,department,N1560,Surgery,2,0.0075,0.134
neurodegenerative_disease,department,N1440,Pediatrics,2,0.0075,0.127
neurodegenerative_disease,division,N6382,Medicine / Cardiology,1,0.0037,0.1
neurodegenerative_disease,department,N1340,Obstetrics and Gynecology,1,0.0037,0.092
nutrition_metabolism,division,N7225,Pediatrics / Child Development,1,0.0044,16.615
nutrition_metabolism,division,N4328,Pediatrics / Endocrinology,3,0.0133,7.477
nutrition_metabolism,division,N3385,Pediatrics / Pulmonary and Allergy,5,0.0222,6.558
nutrition_metabolism,department,N1750,Pharmacology,32,0.1422,5.37
nutrition_metabolism,division,N6383,Medicine / Endocrinology Diabetes and Metabolism,26,0.1156,4.89
nutrition_metabolism,division,N3252,Pediatrics / Gastroenterology,2,0.0089,3.935
nutrition_metabolism,department,N1710,Cell and Developmental Biology,3,0.0133,2.894
nutrition_metabolism,division,N2787,Population Health Sciences / Epidemiology,26,0.1156,2.715
nutrition_metabolism,division,N3343,Pediatrics / Newborn Medicine,2,0.0089,2.67
nutrition_metabolism,department,N1740,Systems and Computational Biomedicine,29,0.1289,2.305
nutrition_metabolism,division,N7812,Medicine / Nephrology and Hypertension,8,0.0356,2.266
nutrition_metabolism,division,N5472,Pediatrics / Nephrology,1,0.0044,2.048
nutrition_metabolism,division,N7453,Medicine / Gastroenterology and Hepatology,22,0.0978,1.922
nutrition_metabolism,department,N1700,Biochemistry and Biophysics,8,0.0356,1.887
nutrition_metabolism,department,N1440,Pediatrics,22,0.0978,1.66
nutrition_metabolism,division,N6382,Medicine / Cardiology,13,0.0578,1.545
nutrition_metabolism,department,N1220,Dermatology,3,0.0133,1.466
nutrition_metabolism,department,N1280,Medicine,97,0.4311,1.228
nutrition_metabolism,division,N8288,Pediatrics / Hematology and Oncology,2,0.0089,1.12
nutrition_metabolism,department,N1480,Population Health Sciences,38,0.1689,1.046
nutrition_metabolism,department,N1720,Genetic Medicine,3,0.0133,1.022
nutrition_metabolism,division,N6252,Medicine / Pulmonary Medicine and Critical Care,5,0.0222,1.001
nutrition_metabolism,department,N1730,Microbiology and Immunology,5,0.0222,0.962
nutrition_metabolism,department,N1530,Radiation Oncology,2,0.0089,0.938
nutrition_metabolism,division,N2856,Medicine / General Internal Medicine,14,0.0622,0.927
nutrition_metabolism,division,N5382,Pediatrics / General Pediatrics,2,0.0089,0.909
nutrition_metabolism,department,N1340,Obstetrics and Gynecology,8,0.0356,0.872
nutrition_metabolism,division,N4967,Medicine / Infectious Diseases,10,0.0444,0.852
nutrition_metabolism,division,N8537,Pediatrics / Infectious Disease,1,0.0044,0.737
nutrition_metabolism,department,N1420,Pathology and Laboratory Medicine,13,0.0578,0.667
nutrition_metabolism,department,N1760,Brain and Mind Research,4,0.0178,0.63
nutrition_metabolism,division,N2466,Population Health Sciences / Comparative Effectiveness and Outcomes,5,0.0222,0.57
nutrition_metabolism,department,N1400,Otolaryngology Head and Neck Surgery,2,0.0089,0.473
nutrition_metabolism,division,N9332,Medicine / Regenerative Medicine,1,0.0044,0.441
nutrition_metabolism,division,N3436,Population Health Sciences / Health Policy and Economics,2,0.0089,0.333
nutrition_metabolism,division,N3632,Medicine / Hematology and Medical Oncology,5,0.0222,0.314
nutrition_metabolism,division,N8835,Radiology / Diagnostic and Interventional Radiology,1,0.0044,0.306
nutrition_metabolism,department,N1500,Psychiatry,2,0.0089,0.29
nutrition_metabolism,division,N8555,Medicine / Geriatrics and Palliative Medicine,1,0.0044,0.203
nutrition_metabolism,department,N1580,Urology,1,0.0044,0.202
nutrition_metabolism,department,N1520,Radiology,3,0.0133,0.167
nutrition_metabolism,department,N1240,Emergency Medicine,1,0.0044,0.161
nutrition_metabolism,department,N1140,Anesthesiology,1,0.0044,0.113
nutrition_metabolism,department,N1560,Surgery,1,0.0044,0.079
ophthalmology_vision_science,department,N1360,Ophthalmology,94,0.5434,58.782
ophthalmology_vision_science,division,N7284,Pediatrics / Genetics,1,0.0058,11.44
ophthalmology_vision_science,division,N6383,Medicine / Endocrinology Diabetes and Metabolism,44,0.2543,10.764
ophthalmology_vision_science,division,N5472,Pediatrics / Nephrology,2,0.0116,5.328
ophthalmology_vision_science,division,N2787,Population Health Sciences / Epidemiology,10,0.0578,1.358
ophthalmology_vision_science,department,N1720,Genetic Medicine,3,0.0173,1.329
ophthalmology_vision_science,department,N1710,Cell and Developmental Biology,1,0.0058,1.255
ophthalmology_vision_science,department,N1280,Medicine,48,0.2775,0.79
ophthalmology_vision_science,department,N1480,Population Health Sciences,21,0.1214,0.752
ophthalmology_vision_science,department,N1520,Radiology,9,0.052,0.65
ophthalmology_vision_science,department,N1220,Dermatology,1,0.0058,0.636
ophthalmology_vision_science,department,N1440,Pediatrics,5,0.0289,0.491
ophthalmology_vision_science,department,N1320,Neurological Surgery,3,0.0173,0.428
ophthalmology_vision_science,department,N1240,Emergency Medicine,2,0.0116,0.418
ophthalmology_vision_science,department,N1740,Systems and Computational Biomedicine,4,0.0231,0.414
ophthalmology_vision_science,division,N4967,Medicine / Infectious Diseases,3,0.0173,0.332
ophthalmology_vision_science,department,N1700,Biochemistry and Biophysics,1,0.0058,0.307
ophthalmology_vision_science,department,N1750,Pharmacology,1,0.0058,0.218
ophthalmology_vision_science,division,N3436,Population Health Sciences / Health Policy and Economics,1,0.0058,0.217
ophthalmology_vision_science,department,N1760,Brain and Mind Research,1,0.0058,0.205
ophthalmology_vision_science,department,N1500,Psychiatry,1,0.0058,0.189
ophthalmology_vision_science,department,N1300,Neurology,1,0.0058,0.159
ophthalmology_vision_science,department,N1140,Anesthesiology,1,0.0058,0.146
ophthalmology_vision_science,department,N1420,Pathology and Laboratory Medicine,2,0.0116,0.133
ophthalmology_vision_science,division,N2856,Medicine / General Internal Medicine,1,0.0058,0.086
ophthalmology_vision_science,division,N3632,Medicine / Hematology and Medical Oncology,1,0.0058,0.082
otolaryngology_head_neck,department,N1400,Otolaryngology Head and Neck Surgery,203,0.7748,41.248
otolaryngology_head_neck,division,N3252,Pediatrics / Gastroenterology,2,0.0076,3.379
otolaryngology_head_neck,division,N8835,Radiology / Diagnostic and Interventional Radiology,10,0.0382,2.626
otolaryngology_head_neck,division,N7778,Surgery / Plastic and Reconstructive Surgery,6,0.0229,2.518
otolaryngology_head_neck,division,N3385,Pediatrics / Pulmonary and Allergy,2,0.0076,2.253
otolaryngology_head_neck,department,N1560,Surgery,23,0.0878,1.569
otolaryngology_head_neck,division,N8537,Pediatrics / Infectious Disease,2,0.0076,1.265
otolaryngology_head_neck,department,N1360,Ophthalmology,3,0.0115,1.239
otolaryngology_head_neck,division,N3343,Pediatrics / Newborn Medicine,1,0.0038,1.147
otolaryngology_head_neck,department,N1240,Emergency Medicine,7,0.0267,0.966
otolaryngology_head_neck,department,N1320,Neurological Surgery,10,0.0382,0.943
otolaryngology_head_neck,department,N1750,Pharmacology,6,0.0229,0.865
otolaryngology_head_neck,division,N5382,Pediatrics / General Pediatrics,2,0.0076,0.781
otolaryngology_head_neck,department,N1932,Library,1,0.0038,0.774
otolaryngology_head_neck,division,N8555,Medicine / Geriatrics and Palliative Medicine,4,0.0153,0.699
otolaryngology_head_neck,division,N6252,Medicine / Pulmonary Medicine and Critical Care,4,0.0153,0.688
otolaryngology_head_neck,department,N1520,Radiology,14,0.0534,0.668
otolaryngology_head_neck,division,N7724,Psychiatry / Hospital Programs,1,0.0038,0.488
otolaryngology_head_neck,department,N1140,Anesthesiology,5,0.0191,0.483
otolaryngology_head_neck,department,N1440,Pediatrics,7,0.0267,0.454
otolaryngology_head_neck,department,N1420,Pathology and Laboratory Medicine,10,0.0382,0.44
otolaryngology_head_neck,department,N1740,Systems and Computational Biomedicine,6,0.0229,0.41
otolaryngology_head_neck,division,N2787,Population Health Sciences / Epidemiology,4,0.0153,0.359
otolaryngology_head_neck,department,N1480,Population Health Sciences,10,0.0382,0.236
otolaryngology_head_neck,department,N1160,Cardiothoracic Surgery,2,0.0076,0.225
otolaryngology_head_neck,department,N1700,Biochemistry and Biophysics,1,0.0038,0.203
otolaryngology_head_neck,department,N1280,Medicine,15,0.0573,0.163
otolaryngology_head_neck,division,N7453,Medicine / Gastroenterology and Hepatology,2,0.0076,0.15
otolaryngology_head_neck,department,N1500,Psychiatry,1,0.0038,0.125
otolaryngology_head_neck,division,N2856,Medicine / General Internal Medicine,2,0.0076,0.114
otolaryngology_head_neck,division,N6382,Medicine / Cardiology,1,0.0038,0.102
otolaryngology_head_neck,division,N4967,Medicine / Infectious Diseases,1,0.0038,0.073
pain_medicine,department,N1540,Rehabilitation Medicine,13,0.056,18.128
pain_medicine,division,N7778,Surgery / Plastic and Reconstructive Surgery,28,0.1207,13.27
pain_medicine,division,N8555,Medicine / Geriatrics and Palliative Medicine,33,0.1422,6.511
pain_medicine,department,N1140,Anesthesiology,45,0.194,4.91
pain_medicine,division,N7237,Surgery / Pediatric Surgery,1,0.0043,4.265
pain_medicine,department,N1560,Surgery,34,0.1466,2.62
pain_medicine,division,N3343,Pediatrics / Newborn Medicine,2,0.0086,2.59
pain_medicine,division,N6383,Medicine / Endocrinology Diabetes and Metabolism,14,0.0603,2.554
pain_medicine,department,N1300,Neurology,18,0.0776,2.133
pain_medicine,division,N2466,Population Health Sciences / Comparative Effectiveness and Outcomes,19,0.0819,2.1
pain_medicine,division,N3436,Population Health Sciences / Health Policy and Economics,12,0.0517,1.94
pain_medicine,department,N1320,Neurological Surgery,18,0.0776,1.917
pain_medicine,division,N3252,Pediatrics / Gastroenterology,1,0.0043,1.908
pain_medicine,division,N6235,"Surgery / Critical Care, Trauma and Burn Surgery",2,0.0086,1.896
pain_medicine,division,N5382,Pediatrics / General Pediatrics,4,0.0172,1.763
pain_medicine,department,N1580,Urology,7,0.0302,1.368
pain_medicine,department,N1400,Otolaryngology Head and Neck Surgery,5,0.0216,1.147
pain_medicine,division,N7724,Psychiatry / Hospital Programs,2,0.0086,1.103
pain_medicine,department,N1480,Population Health Sciences,39,0.1681,1.041
pain_medicine,department,N1932,Library,1,0.0043,0.874
pain_medicine,department,N1500,Psychiatry,6,0.0259,0.844
pain_medicine,department,N1280,Medicine,66,0.2845,0.81
pain_medicine,division,N5687,Medicine / Medical Ethics,1,0.0043,0.763
pain_medicine,division,N2787,Population Health Sciences / Epidemiology,7,0.0302,0.709
pain_medicine,division,N8835,Radiology / Diagnostic and Interventional Radiology,2,0.0086,0.593
pain_medicine,division,N6252,Medicine / Pulmonary Medicine and Critical Care,3,0.0129,0.582
pain_medicine,division,N8764,Obstetrics and Gynecology / General Obstetrics and Gynecology,1,0.0043,0.556
pain_medicine,division,N7453,Medicine / Gastroenterology and Hepatology,6,0.0259,0.508
pain_medicine,department,N1440,Pediatrics,6,0.0259,0.439
pain_medicine,department,N1340,Obstetrics and Gynecology,4,0.0172,0.423
pain_medicine,division,N2856,Medicine / General Internal Medicine,6,0.0259,0.385
pain_medicine,department,N1520,Radiology,6,0.0259,0.323
pain_medicine,division,N4967,Medicine / Infectious Diseases,3,0.0129,0.248
pain_medicine,division,N6382,Medicine / Cardiology,2,0.0086,0.231
pain_medicine,department,N1700,Biochemistry and Biophysics,1,0.0043,0.229
pain_medicine,department,N1750,Pharmacology,1,0.0043,0.163
pain_medicine,department,N1240,Emergency Medicine,1,0.0043,0.156
pain_medicine,department,N1160,Cardiothoracic Surgery,1,0.0043,0.127
pain_medicine,division,N3632,Medicine / Hematology and Medical Oncology,1,0.0043,0.061
palliative_end_of_life_care,division,N8555,Medicine / Geriatrics and Palliative Medicine,86,0.4343,19.882
palliative_end_of_life_care,division,N5687,Medicine / Medical Ethics,12,0.0606,10.732
palliative_end_of_life_care,division,N3436,Population Health Sciences / Health Policy and Economics,19,0.096,3.599
palliative_end_of_life_care,division,N6235,"Surgery / Critical Care, Trauma and Burn Surgery",3,0.0152,3.332
palliative_end_of_life_care,department,N1520,Radiology,49,0.2475,3.092
palliative_end_of_life_care,department,N1932,Library,3,0.0152,3.071
palliative_end_of_life_care,division,N3343,Pediatrics / Newborn Medicine,2,0.0101,3.034
palliative_end_of_life_care,division,N6252,Medicine / Pulmonary Medicine and Critical Care,12,0.0606,2.73
palliative_end_of_life_care,division,N5382,Pediatrics / General Pediatrics,4,0.0202,2.066
palliative_end_of_life_care,department,N1280,Medicine,131,0.6616,1.884
palliative_end_of_life_care,department,N1240,Emergency Medicine,5,0.0253,0.913
palliative_end_of_life_care,division,N2856,Medicine / General Internal Medicine,12,0.0606,0.903
palliative_end_of_life_care,department,N1480,Population Health Sciences,25,0.1263,0.782
palliative_end_of_life_care,department,N1440,Pediatrics,8,0.0404,0.686
palliative_end_of_life_care,division,N7724,Psychiatry / Hospital Programs,1,0.0051,0.646
palliative_end_of_life_care,division,N8288,Pediatrics / Hematology and Oncology,1,0.0051,0.636
palliative_end_of_life_care,division,N3632,Medicine / Hematology and Medical Oncology,8,0.0404,0.572
palliative_end_of_life_care,department,N1140,Anesthesiology,4,0.0202,0.511
palliative_end_of_life_care,department,N1500,Psychiatry,3,0.0152,0.494
palliative_end_of_life_care,division,N3628,Obstetrics and Gynecology / Maternal Fetal Medicine,1,0.0051,0.476
palliative_end_of_life_care,division,N7453,Medicine / Gastroenterology and Hepatology,4,0.0202,0.397
palliative_end_of_life_care,division,N2787,Population Health Sciences / Epidemiology,3,0.0152,0.356
palliative_end_of_life_care,department,N1300,Neurology,2,0.0101,0.278
palliative_end_of_life_care,department,N1560,Surgery,3,0.0152,0.271
palliative_end_of_life_care,division,N6382,Medicine / Cardiology,2,0.0101,0.27
palliative_end_of_life_care,division,N6383,Medicine / Endocrinology Diabetes and Metabolism,1,0.0051,0.214
palliative_end_of_life_care,department,N1160,Cardiothoracic Surgery,1,0.0051,0.149
palliative_end_of_life_care,department,N1340,Obstetrics and Gynecology,1,0.0051,0.124
palliative_end_of_life_care,department,N1740,Systems and Computational Biomedicine,1,0.0051,0.09
palliative_end_of_life_care,department,N1420,Pathology and Laboratory Medicine,1,0.0051,0.058
pathology_laboratory_medicine,department,N1420,Pathology and Laboratory Medicine,341,0.4646,5.36
pathology_laboratory_medicine,division,N7812,Medicine / Nephrology and Hypertension,37,0.0504,3.212
pathology_laboratory_medicine,department,N1740,Systems and Computational Biomedicine,84,0.1144,2.047
pathology_laboratory_medicine,division,N3632,Medicine / Hematology and Medical Oncology,102,0.139,1.966
pathology_laboratory_medicine,division,N8288,Pediatrics / Hematology and Oncology,10,0.0136,1.717
pathology_laboratory_medicine,department,N1730,Microbiology and Immunology,28,0.0381,1.652
pathology_laboratory_medicine,department,N1530,Radiation Oncology,11,0.015,1.581
pathology_laboratory_medicine,division,N4967,Medicine / Infectious Diseases,54,0.0736,1.41
pathology_laboratory_medicine,division,N8764,Obstetrics and Gynecology / General Obstetrics and Gynecology,8,0.0109,1.405
pathology_laboratory_medicine,division,N7237,Surgery / Pediatric Surgery,1,0.0014,1.348
pathology_laboratory_medicine,department,N1580,Urology,21,0.0286,1.297
pathology_laboratory_medicine,division,N3343,Pediatrics / Newborn Medicine,3,0.0041,1.228
pathology_laboratory_medicine,division,N8537,Pediatrics / Infectious Disease,5,0.0068,1.129
pathology_laboratory_medicine,department,N1400,Otolaryngology Head and Neck Surgery,15,0.0204,1.088
pathology_laboratory_medicine,department,N1220,Dermatology,7,0.0095,1.049
pathology_laboratory_medicine,division,N7773,Obstetrics and Gynecology / Gyn-Oncology,6,0.0082,1.022
pathology_laboratory_medicine,department,N1280,Medicine,258,0.3515,1.001
pathology_laboratory_medicine,division,N6252,Medicine / Pulmonary Medicine and Critical Care,16,0.0218,0.982
pathology_laboratory_medicine,department,N1520,Radiology,56,0.0763,0.953
pathology_laboratory_medicine,department,N1700,Biochemistry and Biophysics,13,0.0177,0.94
pathology_laboratory_medicine,department,N1360,Ophthalmology,6,0.0082,0.884
pathology_laboratory_medicine,department,N1560,Surgery,35,0.0477,0.852
pathology_laboratory_medicine,division,N2787,Population Health Sciences / Epidemiology,26,0.0354,0.832
pathology_laboratory_medicine,division,N9332,Medicine / Regenerative Medicine,6,0.0082,0.811
pathology_laboratory_medicine,division,N7453,Medicine / Gastroenterology and Hepatology,29,0.0395,0.776
pathology_laboratory_medicine,department,N1720,Genetic Medicine,7,0.0095,0.731
pathology_laboratory_medicine,division,N5472,Pediatrics / Nephrology,1,0.0014,0.628
pathology_laboratory_medicine,department,N1160,Cardiothoracic Surgery,15,0.0204,0.602
pathology_laboratory_medicine,department,N1340,Obstetrics and Gynecology,18,0.0245,0.601
pathology_laboratory_medicine,department,N1710,Cell and Developmental Biology,2,0.0027,0.591
pathology_laboratory_medicine,division,N6383,Medicine / Endocrinology Diabetes and Metabolism,10,0.0136,0.577
pathology_laboratory_medicine,department,N1480,Population Health Sciences,68,0.0926,0.574
pathology_laboratory_medicine,division,N5676,Pediatrics / Cardiology,1,0.0014,0.546
pathology_laboratory_medicine,division,N2856,Medicine / General Internal Medicine,26,0.0354,0.528
pathology_laboratory_medicine,department,N1750,Pharmacology,10,0.0136,0.514
pathology_laboratory_medicine,division,N3628,Obstetrics and Gynecology / Maternal Fetal Medicine,4,0.0054,0.514
pathology_laboratory_medicine,department,N1240,Emergency Medicine,10,0.0136,0.492
pathology_laboratory_medicine,department,N1300,Neurology,13,0.0177,0.487
pathology_laboratory_medicine,department,N1440,Pediatrics,21,0.0286,0.486
pathology_laboratory_medicine,department,N1540,Rehabilitation Medicine,1,0.0014,0.441
pathology_laboratory_medicine,division,N6382,Medicine / Cardiology,10,0.0136,0.364
pathology_laboratory_medicine,division,N8835,Radiology / Diagnostic and Interventional Radiology,3,0.0041,0.281
pathology_laboratory_medicine,department,N1320,Neurological Surgery,8,0.0109,0.269
pathology_laboratory_medicine,department,N1760,Brain and Mind Research,4,0.0054,0.193
pathology_laboratory_medicine,division,N2466,Population Health Sciences / Comparative Effectiveness and Outcomes,4,0.0054,0.14
pathology_laboratory_medicine,department,N1500,Psychiatry,3,0.0041,0.133
pathology_laboratory_medicine,division,N3436,Population Health Sciences / Health Policy and Economics,2,0.0027,0.102
pathology_laboratory_medicine,department,N1140,Anesthesiology,1,0.0014,0.034
pediatrics_neonatology,division,N3343,Pediatrics / Newborn Medicine,35,0.0534,16.052
pediatrics_neonatology,division,N4328,Pediatrics / Endocrinology,15,0.0229,12.842
pediatrics_neonatology,division,N7225,Pediatrics / Child Development,2,0.0031,11.415
pediatrics_neonatology,division,N5472,Pediatrics / Nephrology,15,0.0229,10.555
pediatrics_neonatology,division,N5382,Pediatrics / General Pediatrics,61,0.0931,9.524
pediatrics_neonatology,division,N3252,Pediatrics / Gastroenterology,13,0.0198,8.786
pediatrics_neonatology,division,N8537,Pediatrics / Infectious Disease,33,0.0504,8.35
pediatrics_neonatology,department,N1440,Pediatrics,318,0.4855,8.241
pediatrics_neonatology,division,N5676,Pediatrics / Cardiology,13,0.0198,7.95
pediatrics_neonatology,division,N3385,Pediatrics / Pulmonary and Allergy,17,0.026,7.66
pediatrics_neonatology,division,N7284,Pediatrics / Genetics,2,0.0031,6.043
pediatrics_neonatology,division,N8288,Pediatrics / Hematology and Oncology,19,0.029,3.655
pediatrics_neonatology,division,N7237,Surgery / Pediatric Surgery,2,0.0031,3.022
pediatrics_neonatology,department,N1240,Emergency Medicine,42,0.0641,2.317
pediatrics_neonatology,department,N1500,Psychiatry,42,0.0641,2.093
pediatrics_neonatology,division,N3628,Obstetrics and Gynecology / Maternal Fetal Medicine,14,0.0214,2.014
pediatrics_neonatology,department,N1320,Neurological Surgery,46,0.0702,1.735
pediatrics_neonatology,department,N1140,Anesthesiology,38,0.058,1.469
pediatrics_neonatology,department,N1400,Otolaryngology Head and Neck Surgery,17,0.026,1.382
pediatrics_neonatology,division,N8835,Radiology / Diagnostic and Interventional Radiology,13,0.0198,1.366
pediatrics_neonatology,department,N1340,Obstetrics and Gynecology,32,0.0489,1.198
pediatrics_neonatology,division,N8764,Obstetrics and Gynecology / General Obstetrics and Gynecology,6,0.0092,1.181
pediatrics_neonatology,division,N7724,Psychiatry / Hospital Programs,6,0.0092,1.172
pediatrics_neonatology,division,N5687,Medicine / Medical Ethics,4,0.0061,1.081
pediatrics_neonatology,department,N1360,Ophthalmology,6,0.0092,0.991
pediatrics_neonatology,department,N1480,Population Health Sciences,79,0.1206,0.747
pediatrics_neonatology,department,N1520,Radiology,39,0.0595,0.744
pediatrics_neonatology,division,N6383,Medicine / Endocrinology Diabetes and Metabolism,10,0.0153,0.646
pediatrics_neonatology,department,N1720,Genetic Medicine,5,0.0076,0.585
pediatrics_neonatology,department,N1420,Pathology and Laboratory Medicine,29,0.0443,0.511
pediatrics_neonatology,division,N7778,Surgery / Plastic and Reconstructive Surgery,3,0.0046,0.504
pediatrics_neonatology,department,N1540,Rehabilitation Medicine,1,0.0015,0.494
pediatrics_neonatology,department,N1580,Urology,7,0.0107,0.485
pediatrics_neonatology,division,N4967,Medicine / Infectious Diseases,15,0.0229,0.439
pediatrics_neonatology,division,N2466,Population Health Sciences / Comparative Effectiveness and Outcomes,11,0.0168,0.431
pediatrics_neonatology,division,N2787,Population Health Sciences / Epidemiology,12,0.0183,0.43
pediatrics_neonatology,department,N1710,Cell and Developmental Biology,1,0.0015,0.331
pediatrics_neonatology,department,N1760,Brain and Mind Research,6,0.0092,0.325
pediatrics_neonatology,department,N1932,Library,1,0.0015,0.309
pediatrics_neonatology,division,N3436,Population Health Sciences / Health Policy and Economics,5,0.0076,0.286
pediatrics_neonatology,department,N1280,Medicine,61,0.0931,0.265
pediatrics_neonatology,division,N2856,Medicine / General Internal Medicine,11,0.0168,0.25
pediatrics_neonatology,department,N1740,Systems and Computational Biomedicine,9,0.0137,0.246
pediatrics_neonatology,division,N7453,Medicine / Gastroenterology and Hepatology,8,0.0122,0.24
pediatrics_neonatology,division,N7812,Medicine / Nephrology and Hypertension,2,0.0031,0.195
pediatrics_neonatology,division,N7773,Obstetrics and Gynecology / Gyn-Oncology,1,0.0015,0.191
pediatrics_neonatology,department,N1220,Dermatology,1,0.0015,0.168
pediatrics_neonatology,department,N1560,Surgery,6,0.0092,0.164
pediatrics_neonatology,division,N6252,Medicine / Pulmonary Medicine and Critical Care,2,0.0031,0.138
pediatrics_neonatology,department,N1730,Microbiology and Immunology,2,0.0031,0.132
pediatrics_neonatology,department,N1300,Neurology,3,0.0046,0.126
pediatrics_neonatology,division,N3632,Medicine / Hematology and Medical Oncology,5,0.0076,0.108
pediatrics_neonatology,department,N1700,Biochemistry and Biophysics,1,0.0015,0.081
pediatrics_neonatology,department,N1750,Pharmacology,1,0.0015,0.058
pediatrics_neonatology,department,N1160,Cardiothoracic Surgery,1,0.0015,0.045
primary_care_general_medicine,division,N2856,Medicine / General Internal Medicine,116,0.4462,6.645
primary_care_general_medicine,division,N8555,Medicine / Geriatrics and Palliative Medicine,29,0.1115,5.106
primary_care_general_medicine,division,N5382,Pediatrics / General Pediatrics,12,0.0462,4.72
primary_care_general_medicine,division,N3436,Population Health Sciences / Health Policy and Economics,29,0.1115,4.184
primary_care_general_medicine,division,N6383,Medicine / Endocrinology Diabetes and Metabolism,15,0.0577,2.442
primary_care_general_medicine,department,N1280,Medicine,184,0.7077,2.015
primary_care_general_medicine,division,N2466,Population Health Sciences / Comparative Effectiveness and Outcomes,19,0.0731,1.874
primary_care_general_medicine,department,N1480,Population Health Sciences,67,0.2577,1.596
primary_care_general_medicine,department,N1932,Library,2,0.0077,1.559
primary_care_general_medicine,department,N1500,Psychiatry,10,0.0385,1.255
primary_care_general_medicine,division,N7453,Medicine / Gastroenterology and Hepatology,16,0.0615,1.209
primary_care_general_medicine,division,N4967,Medicine / Infectious Diseases,16,0.0615,1.179
primary_care_general_medicine,division,N3343,Pediatrics / Newborn Medicine,1,0.0038,1.155
primary_care_general_medicine,department,N1240,Emergency Medicine,8,0.0308,1.112
primary_care_general_medicine,division,N2787,Population Health Sciences / Epidemiology,11,0.0423,0.994
primary_care_general_medicine,division,N8764,Obstetrics and Gynecology / General Obstetrics and Gynecology,2,0.0077,0.992
primary_care_general_medicine,division,N7724,Psychiatry / Hospital Programs,2,0.0077,0.984
primary_care_general_medicine,division,N7773,Obstetrics and Gynecology / Gyn-Oncology,2,0.0077,0.962
primary_care_general_medicine,department,N1440,Pediatrics,14,0.0538,0.914
primary_care_general_medicine,department,N1580,Urology,4,0.0154,0.698
primary_care_general_medicine,department,N1300,Neurology,6,0.0231,0.634
primary_care_general_medicine,department,N1340,Obstetrics and Gynecology,5,0.0192,0.472
primary_care_general_medicine,department,N1220,Dermatology,1,0.0038,0.423
primary_care_general_medicine,division,N3632,Medicine / Hematology and Medical Oncology,7,0.0269,0.381
primary_care_general_medicine,division,N6382,Medicine / Cardiology,3,0.0115,0.309
primary_care_general_medicine,department,N1400,Otolaryngology Head and Neck Surgery,1,0.0038,0.205
primary_care_general_medicine,division,N6252,Medicine / Pulmonary Medicine and Critical Care,1,0.0038,0.173
primary_care_general_medicine,department,N1520,Radiology,3,0.0115,0.144
primary_care_general_medicine,department,N1560,Surgery,1,0.0038,0.069
prostate_urologic_cancer,department,N1580,Urology,105,0.3804,17.25
prostate_urologic_cancer,division,N3632,Medicine / Hematology and Medical Oncology,104,0.3768,5.331
prostate_urologic_cancer,division,N3623,Surgery / Liver Transplantation Surgery,1,0.0036,2.709
prostate_urologic_cancer,department,N1420,Pathology and Laboratory Medicine,62,0.2246,2.592
prostate_urologic_cancer,department,N1530,Radiation Oncology,6,0.0217,2.293
prostate_urologic_cancer,department,N1520,Radiology,50,0.1812,2.263
prostate_urologic_cancer,department,N1750,Pharmacology,11,0.0399,1.505
prostate_urologic_cancer,department,N1740,Systems and Computational Biomedicine,23,0.0833,1.491
prostate_urologic_cancer,division,N2787,Population Health Sciences / Epidemiology,14,0.0507,1.192
prostate_urologic_cancer,department,N1280,Medicine,113,0.4094,1.166
prostate_urologic_cancer,division,N2466,Population Health Sciences / Comparative Effectiveness and Outcomes,10,0.0362,0.929
prostate_urologic_cancer,department,N1480,Population Health Sciences,34,0.1232,0.763
prostate_urologic_cancer,division,N8288,Pediatrics / Hematology and Oncology,1,0.0036,0.457
prostate_urologic_cancer,department,N1220,Dermatology,1,0.0036,0.398
prostate_urologic_cancer,department,N1700,Biochemistry and Biophysics,2,0.0072,0.385
prostate_urologic_cancer,division,N5382,Pediatrics / General Pediatrics,1,0.0036,0.371
prostate_urologic_cancer,department,N1730,Microbiology and Immunology,2,0.0072,0.314
prostate_urologic_cancer,division,N6383,Medicine / Endocrinology Diabetes and Metabolism,2,0.0072,0.307
prostate_urologic_cancer,department,N1140,Anesthesiology,2,0.0072,0.183
prostate_urologic_cancer,department,N1440,Pediatrics,2,0.0072,0.123
prostate_urologic_cancer,division,N2856,Medicine / General Internal Medicine,2,0.0072,0.108
prostate_urologic_cancer,department,N1160,Cardiothoracic Surgery,1,0.0036,0.107
prostate_urologic_cancer,department,N1320,Neurological Surgery,1,0.0036,0.09
prostate_urologic_cancer,division,N7453,Medicine / Gastroenterology and Hepatology,1,0.0036,0.071
prostate_urologic_cancer,department,N1560,Surgery,1,0.0036,0.065
pulmonary_critical_care,division,N3385,Pediatrics / Pulmonary and Allergy,21,0.0619,18.282
pulmonary_critical_care,division,N6252,Medicine / Pulmonary Medicine and Critical Care,134,0.3953,17.803
pulmonary_critical_care,division,N3343,Pediatrics / Newborn Medicine,7,0.0206,6.203
pulmonary_critical_care,department,N1720,Genetic Medicine,16,0.0472,3.617
pulmonary_critical_care,division,N6382,Medicine / Cardiology,34,0.1003,2.682
pulmonary_critical_care,division,N8524,Neurology / Neurophysiology,1,0.0029,2.545
pulmonary_critical_care,department,N1140,Anesthesiology,30,0.0885,2.24
pulmonary_critical_care,division,N9332,Medicine / Regenerative Medicine,7,0.0206,2.049
pulmonary_critical_care,department,N1280,Medicine,213,0.6283,1.789
pulmonary_critical_care,department,N1440,Pediatrics,35,0.1032,1.753
pulmonary_critical_care,division,N7812,Medicine / Nephrology and Hypertension,9,0.0265,1.692
pulmonary_critical_care,division,N2856,Medicine / General Internal Medicine,37,0.1091,1.626
pulmonary_critical_care,department,N1400,Otolaryngology Head and Neck Surgery,10,0.0295,1.57
pulmonary_critical_care,division,N5472,Pediatrics / Nephrology,1,0.0029,1.36
pulmonary_critical_care,division,N3252,Pediatrics / Gastroenterology,1,0.0029,1.306
pulmonary_critical_care,department,N1160,Cardiothoracic Surgery,15,0.0442,1.302
pulmonary_critical_care,division,N6235,"Surgery / Critical Care, Trauma and Burn Surgery",2,0.0059,1.297
pulmonary_critical_care,division,N5676,Pediatrics / Cardiology,1,0.0029,1.182
pulmonary_critical_care,department,N1730,Microbiology and Immunology,9,0.0265,1.15
pulmonary_critical_care,division,N7453,Medicine / Gastroenterology and Hepatology,19,0.056,1.101
pulmonary_critical_care,division,N5687,Medicine / Medical Ethics,2,0.0059,1.045
pulmonary_critical_care,division,N4967,Medicine / Infectious Diseases,17,0.0501,0.961
pulmonary_critical_care,department,N1540,Rehabilitation Medicine,1,0.0029,0.954
pulmonary_critical_care,department,N1520,Radiology,24,0.0708,0.884
pulmonary_critical_care,division,N7324,Surgery / Vascular Surgery,1,0.0029,0.848
pulmonary_critical_care,division,N3436,Population Health Sciences / Health Policy and Economics,7,0.0206,0.775
pulmonary_critical_care,department,N1240,Emergency Medicine,7,0.0206,0.746
pulmonary_critical_care,department,N1740,Systems and Computational Biomedicine,14,0.0413,0.739
pulmonary_critical_care,division,N8835,Radiology / Diagnostic and Interventional Radiology,3,0.0088,0.609
pulmonary_critical_care,division,N3628,Obstetrics and Gynecology / Maternal Fetal Medicine,2,0.0059,0.556
pulmonary_critical_care,department,N1420,Pathology and Laboratory Medicine,15,0.0442,0.511
pulmonary_critical_care,department,N1480,Population Health Sciences,28,0.0826,0.511
pulmonary_critical_care,division,N8537,Pediatrics / Infectious Disease,1,0.0029,0.489
pulmonary_critical_care,department,N1700,Biochemistry and Biophysics,3,0.0088,0.47
pulmonary_critical_care,department,N1560,Surgery,8,0.0236,0.422
pulmonary_critical_care,division,N7724,Psychiatry / Hospital Programs,1,0.0029,0.377
pulmonary_critical_care,division,N6383,Medicine / Endocrinology Diabetes and Metabolism,3,0.0088,0.375
pulmonary_critical_care,department,N1220,Dermatology,1,0.0029,0.324
pulmonary_critical_care,department,N1300,Neurology,4,0.0118,0.324
pulmonary_critical_care,department,N1530,Radiation Oncology,1,0.0029,0.311
pulmonary_critical_care,division,N5382,Pediatrics / General Pediatrics,1,0.0029,0.302
pulmonary_critical_care,division,N3632,Medicine / Hematology and Medical Oncology,6,0.0177,0.25
pulmonary_critical_care,department,N1340,Obstetrics and Gynecology,3,0.0088,0.217
pulmonary_critical_care,department,N1760,Brain and Mind Research,2,0.0059,0.209
pulmonary_critical_care,division,N2787,Population Health Sciences / Epidemiology,3,0.0088,0.208
pulmonary_critical_care,division,N8555,Medicine / Geriatrics and Palliative Medicine,1,0.0029,0.135
pulmonary_critical_care,department,N1500,Psychiatry,1,0.0029,0.096
pulmonary_critical_care,division,N2466,Population Health Sciences / Comparative Effectiveness and Outcomes,1,0.0029,0.076
pulmonary_critical_care,department,N1320,Neurological Surgery,1,0.0029,0.073
radiology_medical_imaging,division,N8835,Radiology / Diagnostic and Interventional Radiology,124,0.1242,8.549
radiology_medical_imaging,department,N1520,Radiology,612,0.6132,7.661
radiology_medical_imaging,department,N1320,Neurological Surgery,107,0.1072,2.648
radiology_medical_imaging,division,N7324,Surgery / Vascular Surgery,7,0.007,2.017
radiology_medical_imaging,division,N5676,Pediatrics / Cardiology,5,0.005,2.007
radiology_medical_imaging,department,N1300,Neurology,71,0.0711,1.956
radiology_medical_imaging,department,N1530,Radiation Oncology,17,0.017,1.797
radiology_medical_imaging,division,N6382,Medicine / Cardiology,65,0.0651,1.742
radiology_medical_imaging,department,N1360,Ophthalmology,16,0.016,1.734
radiology_medical_imaging,division,N8524,Neurology / Neurophysiology,2,0.002,1.729
radiology_medical_imaging,department,N1540,Rehabilitation Medicine,5,0.005,1.621
radiology_medical_imaging,department,N1580,Urology,32,0.0321,1.454
radiology_medical_imaging,division,N3343,Pediatrics / Newborn Medicine,4,0.004,1.204
radiology_medical_imaging,division,N7237,Surgery / Pediatric Surgery,1,0.001,0.992
radiology_medical_imaging,division,N6383,Medicine / Endocrinology Diabetes and Metabolism,21,0.021,0.891
radiology_medical_imaging,division,N7724,Psychiatry / Hospital Programs,6,0.006,0.769
radiology_medical_imaging,department,N1500,Psychiatry,23,0.023,0.752
radiology_medical_imaging,department,N1480,Population Health Sciences,107,0.1072,0.664
radiology_medical_imaging,department,N1140,Anesthesiology,26,0.0261,0.66
radiology_medical_imaging,division,N3385,Pediatrics / Pulmonary and Allergy,2,0.002,0.591
radiology_medical_imaging,department,N1400,Otolaryngology Head and Neck Surgery,11,0.011,0.587
radiology_medical_imaging,division,N6252,Medicine / Pulmonary Medicine and Critical Care,13,0.013,0.587
radiology_medical_imaging,department,N1160,Cardiothoracic Surgery,19,0.019,0.56
radiology_medical_imaging,department,N1420,Pathology and Laboratory Medicine,43,0.0431,0.497
radiology_medical_imaging,division,N2787,Population Health Sciences / Epidemiology,21,0.021,0.494
radiology_medical_imaging,department,N1560,Surgery,26,0.0261,0.466
radiology_medical_imaging,division,N6235,"Surgery / Critical Care, Trauma and Burn Surgery",2,0.002,0.441
radiology_medical_imaging,department,N1280,Medicine,153,0.1533,0.437
radiology_medical_imaging,department,N1932,Library,2,0.002,0.406
radiology_medical_imaging,division,N3632,Medicine / Hematology and Medical Oncology,28,0.0281,0.397
radiology_medical_imaging,division,N8764,Obstetrics and Gynecology / General Obstetrics and Gynecology,3,0.003,0.387
radiology_medical_imaging,division,N3628,Obstetrics and Gynecology / Maternal Fetal Medicine,4,0.004,0.378
radiology_medical_imaging,department,N1340,Obstetrics and Gynecology,15,0.015,0.369
radiology_medical_imaging,division,N5687,Medicine / Medical Ethics,2,0.002,0.355
radiology_medical_imaging,department,N1440,Pediatrics,19,0.019,0.323
radiology_medical_imaging,department,N1760,Brain and Mind Research,9,0.009,0.32
radiology_medical_imaging,department,N1720,Genetic Medicine,4,0.004,0.307
radiology_medical_imaging,division,N7453,Medicine / Gastroenterology and Hepatology,13,0.013,0.256
radiology_medical_imaging,division,N7773,Obstetrics and Gynecology / Gyn-Oncology,2,0.002,0.251
radiology_medical_imaging,division,N7778,Surgery / Plastic and Reconstructive Surgery,2,0.002,0.22
radiology_medical_imaging,department,N1710,Cell and Developmental Biology,1,0.001,0.217
radiology_medical_imaging,division,N2466,Population Health Sciences / Comparative Effectiveness and Outcomes,8,0.008,0.206
radiology_medical_imaging,division,N2856,Medicine / General Internal Medicine,13,0.013,0.194
radiology_medical_imaging,department,N1240,Emergency Medicine,5,0.005,0.181
radiology_medical_imaging,department,N1750,Pharmacology,4,0.004,0.151
radiology_medical_imaging,department,N1740,Systems and Computational Biomedicine,8,0.008,0.143
radiology_medical_imaging,division,N5382,Pediatrics / General Pediatrics,1,0.001,0.102
radiology_medical_imaging,division,N9332,Medicine / Regenerative Medicine,1,0.001,0.099
radiology_medical_imaging,division,N7812,Medicine / Nephrology and Hypertension,1,0.001,0.064
radiology_medical_imaging,division,N4967,Medicine / Infectious Diseases,2,0.002,0.038
rehabilitation_disability_medicine,department,N1540,Rehabilitation Medicine,19,0.108,34.924
rehabilitation_disability_medicine,division,N5687,Medicine / Medical Ethics,19,0.108,19.116
rehabilitation_disability_medicine,division,N7778,Surgery / Plastic and Reconstructive Surgery,10,0.0568,6.247
rehabilitation_disability_medicine,division,N8555,Medicine / Geriatrics and Palliative Medicine,19,0.108,4.942
rehabilitation_disability_medicine,department,N1320,Neurological Surgery,32,0.1818,4.491
rehabilitation_disability_medicine,division,N6235,"Surgery / Critical Care, Trauma and Burn Surgery",3,0.017,3.748
rehabilitation_disability_medicine,department,N1500,Psychiatry,18,0.1023,3.338
rehabilitation_disability_medicine,department,N1400,Otolaryngology Head and Neck Surgery,11,0.0625,3.327
rehabilitation_disability_medicine,department,N1760,Brain and Mind Research,11,0.0625,2.216
rehabilitation_disability_medicine,division,N7724,Psychiatry / Hospital Programs,3,0.017,2.181
rehabilitation_disability_medicine,department,N1520,Radiology,22,0.125,1.562
rehabilitation_disability_medicine,department,N1140,Anesthesiology,10,0.0568,1.438
rehabilitation_disability_medicine,department,N1300,Neurology,9,0.0511,1.406
rehabilitation_disability_medicine,division,N2856,Medicine / General Internal Medicine,16,0.0909,1.354
rehabilitation_disability_medicine,department,N1560,Surgery,12,0.0682,1.219
rehabilitation_disability_medicine,department,N1932,Library,1,0.0057,1.152
rehabilitation_disability_medicine,division,N6252,Medicine / Pulmonary Medicine and Critical Care,4,0.0227,1.024
rehabilitation_disability_medicine,department,N1280,Medicine,56,0.3182,0.906
rehabilitation_disability_medicine,division,N8835,Radiology / Diagnostic and Interventional Radiology,2,0.0114,0.782
rehabilitation_disability_medicine,division,N5382,Pediatrics / General Pediatrics,1,0.0057,0.581
rehabilitation_disability_medicine,department,N1480,Population Health Sciences,14,0.0795,0.493
rehabilitation_disability_medicine,division,N3436,Population Health Sciences / Health Policy and Economics,2,0.0114,0.426
rehabilitation_disability_medicine,department,N1240,Emergency Medicine,2,0.0114,0.411
rehabilitation_disability_medicine,division,N2466,Population Health Sciences / Comparative Effectiveness and Outcomes,2,0.0114,0.291
rehabilitation_disability_medicine,division,N6383,Medicine / Endocrinology Diabetes and Metabolism,1,0.0057,0.24
rehabilitation_disability_medicine,department,N1440,Pediatrics,2,0.0114,0.193
rehabilitation_disability_medicine,division,N6382,Medicine / Cardiology,1,0.0057,0.152
research_infrastructure_workforce,department,N1932,Library,15,0.0691,14.01
research_infrastructure_workforce,department,N1400,Otolaryngology Head and Neck Surgery,10,0.0461,2.453
research_infrastructure_workforce,division,N5687,Medicine / Medical Ethics,3,0.0138,2.448
research_infrastructure_workforce,division,N5382,Pediatrics / General Pediatrics,5,0.023,2.356
research_infrastructure_workforce,department,N1160,Cardiothoracic Surgery,16,0.0737,2.17
research_infrastructure_workforce,division,N2466,Population Health Sciences / Comparative Effectiveness and Outcomes,15,0.0691,1.773
research_infrastructure_workforce,division,N8288,Pediatrics / Hematology and Oncology,3,0.0138,1.742
research_infrastructure_workforce,department,N1740,Systems and Computational Biomedicine,20,0.0922,1.649
research_infrastructure_workforce,department,N1480,Population Health Sciences,56,0.2581,1.598
research_infrastructure_workforce,division,N8555,Medicine / Geriatrics and Palliative Medicine,7,0.0323,1.477
research_infrastructure_workforce,division,N3343,Pediatrics / Newborn Medicine,1,0.0046,1.384
research_infrastructure_workforce,division,N3436,Population Health Sciences / Health Policy and Economics,8,0.0369,1.383
research_infrastructure_workforce,division,N3385,Pediatrics / Pulmonary and Allergy,1,0.0046,1.36
research_infrastructure_workforce,department,N1730,Microbiology and Immunology,6,0.0276,1.197
research_infrastructure_workforce,division,N2856,Medicine / General Internal Medicine,16,0.0737,1.098
research_infrastructure_workforce,department,N1140,Anesthesiology,9,0.0415,1.05
research_infrastructure_workforce,department,N1580,Urology,5,0.023,1.045
research_infrastructure_workforce,department,N1220,Dermatology,2,0.0092,1.013
research_infrastructure_workforce,division,N6235,"Surgery / Critical Care, Trauma and Burn Surgery",1,0.0046,1.013
research_infrastructure_workforce,department,N1240,Emergency Medicine,6,0.0276,0.999
research_infrastructure_workforce,department,N1530,Radiation Oncology,2,0.0092,0.972
research_infrastructure_workforce,division,N4967,Medicine / Infectious Diseases,11,0.0507,0.971
research_infrastructure_workforce,department,N1440,Pediatrics,12,0.0553,0.939
research_infrastructure_workforce,department,N1520,Radiology,15,0.0691,0.864
research_infrastructure_workforce,department,N1280,Medicine,58,0.2673,0.761
research_infrastructure_workforce,division,N3632,Medicine / Hematology and Medical Oncology,11,0.0507,0.717
research_infrastructure_workforce,department,N1720,Genetic Medicine,2,0.0092,0.706
research_infrastructure_workforce,department,N1560,Surgery,8,0.0369,0.659
research_infrastructure_workforce,department,N1760,Brain and Mind Research,4,0.0184,0.654
research_infrastructure_workforce,department,N1500,Psychiatry,4,0.0184,0.602
research_infrastructure_workforce,division,N7724,Psychiatry / Hospital Programs,1,0.0046,0.59
research_infrastructure_workforce,department,N1420,Pathology and Laboratory Medicine,11,0.0507,0.585
research_infrastructure_workforce,division,N7778,Surgery / Plastic and Reconstructive Surgery,1,0.0046,0.507
research_infrastructure_workforce,department,N1360,Ophthalmology,1,0.0046,0.499
research_infrastructure_workforce,division,N6382,Medicine / Cardiology,4,0.0184,0.493
research_infrastructure_workforce,division,N3628,Obstetrics and Gynecology / Maternal Fetal Medicine,1,0.0046,0.434
research_infrastructure_workforce,division,N2787,Population Health Sciences / Epidemiology,4,0.0184,0.433
research_infrastructure_workforce,department,N1750,Pharmacology,2,0.0092,0.348
research_infrastructure_workforce,department,N1320,Neurological Surgery,3,0.0138,0.342
research_infrastructure_workforce,department,N1340,Obstetrics and Gynecology,3,0.0138,0.339
research_infrastructure_workforce,division,N8835,Radiology / Diagnostic and Interventional Radiology,1,0.0046,0.317
research_infrastructure_workforce,division,N6252,Medicine / Pulmonary Medicine and Critical Care,1,0.0046,0.208
research_infrastructure_workforce,department,N1300,Neurology,1,0.0046,0.127
research_infrastructure_workforce,division,N7453,Medicine / Gastroenterology and Hepatology,1,0.0046,0.091
single_cell_spatial_biology,department,N1710,Cell and Developmental Biology,9,0.0375,8.14
single_cell_spatial_biology,division,N9332,Medicine / Regenerative Medicine,18,0.075,7.444
single_cell_spatial_biology,division,N3623,Surgery / Liver Transplantation Surgery,2,0.0083,6.231
single_cell_spatial_biology,division,N3252,Pediatrics / Gastroenterology,3,0.0125,5.534
single_cell_spatial_biology,department,N1740,Systems and Computational Biomedicine,62,0.2583,4.621
single_cell_spatial_biology,department,N1760,Brain and Mind Research,26,0.1083,3.841
single_cell_spatial_biology,department,N1420,Pathology and Laboratory Medicine,59,0.2458,2.836
single_cell_spatial_biology,division,N8288,Pediatrics / Hematology and Oncology,5,0.0208,2.625
single_cell_spatial_biology,department,N1730,Microbiology and Immunology,14,0.0583,2.526
single_cell_spatial_biology,department,N1530,Radiation Oncology,5,0.0208,2.197
single_cell_spatial_biology,division,N3632,Medicine / Hematology and Medical Oncology,37,0.1542,2.181
single_cell_spatial_biology,department,N1720,Genetic Medicine,6,0.025,1.916
single_cell_spatial_biology,department,N1750,Pharmacology,12,0.05,1.888
single_cell_spatial_biology,division,N7453,Medicine / Gastroenterology and Hepatology,23,0.0958,1.883
single_cell_spatial_biology,department,N1220,Dermatology,4,0.0167,1.833
single_cell_spatial_biology,department,N1440,Pediatrics,22,0.0917,1.556
single_cell_spatial_biology,division,N6252,Medicine / Pulmonary Medicine and Critical Care,8,0.0333,1.501
single_cell_spatial_biology,department,N1560,Surgery,18,0.075,1.341
single_cell_spatial_biology,division,N7812,Medicine / Nephrology and Hypertension,5,0.0208,1.328
single_cell_spatial_biology,department,N1280,Medicine,106,0.4417,1.258
single_cell_spatial_biology,division,N3628,Obstetrics and Gynecology / Maternal Fetal Medicine,3,0.0125,1.178
single_cell_spatial_biology,department,N1700,Biochemistry and Biophysics,5,0.0208,1.106
single_cell_spatial_biology,division,N4967,Medicine / Infectious Diseases,13,0.0542,1.038
single_cell_spatial_biology,department,N1160,Cardiothoracic Surgery,6,0.025,0.736
single_cell_spatial_biology,department,N1340,Obstetrics and Gynecology,5,0.0208,0.511
single_cell_spatial_biology,department,N1300,Neurology,4,0.0167,0.458
single_cell_spatial_biology,department,N1580,Urology,2,0.0083,0.378
single_cell_spatial_biology,department,N1480,Population Health Sciences,14,0.0583,0.361
single_cell_spatial_biology,department,N1520,Radiology,6,0.025,0.312
single_cell_spatial_biology,division,N6382,Medicine / Cardiology,2,0.0083,0.223
single_cell_spatial_biology,division,N2787,Population Health Sciences / Epidemiology,2,0.0083,0.196
single_cell_spatial_biology,division,N6383,Medicine / Endocrinology Diabetes and Metabolism,1,0.0042,0.176
single_cell_spatial_biology,department,N1240,Emergency Medicine,1,0.0042,0.151
single_cell_spatial_biology,department,N1500,Psychiatry,1,0.0042,0.136
single_cell_spatial_biology,department,N1140,Anesthesiology,1,0.0042,0.105
single_cell_spatial_biology,department,N1320,Neurological Surgery,1,0.0042,0.103
sleep_medicine_circadian_biology,division,N7237,Surgery / Pediatric Surgery,1,0.0154,15.224
sleep_medicine_circadian_biology,division,N6252,Medicine / Pulmonary Medicine and Critical Care,17,0.2615,11.78
sleep_medicine_circadian_biology,department,N1540,Rehabilitation Medicine,1,0.0154,4.977
sleep_medicine_circadian_biology,division,N3343,Pediatrics / Newborn Medicine,1,0.0154,4.622
sleep_medicine_circadian_biology,division,N7324,Surgery / Vascular Surgery,1,0.0154,4.424
sleep_medicine_circadian_biology,department,N1400,Otolaryngology Head and Neck Surgery,5,0.0769,4.095
sleep_medicine_circadian_biology,department,N1360,Ophthalmology,2,0.0308,3.329
sleep_medicine_circadian_biology,department,N1932,Library,1,0.0154,3.118
sleep_medicine_circadian_biology,department,N1140,Anesthesiology,7,0.1077,2.726
sleep_medicine_circadian_biology,department,N1300,Neurology,6,0.0923,2.537
sleep_medicine_circadian_biology,department,N1700,Biochemistry and Biophysics,3,0.0462,2.449
sleep_medicine_circadian_biology,division,N8835,Radiology / Diagnostic and Interventional Radiology,2,0.0308,2.117
sleep_medicine_circadian_biology,department,N1500,Psychiatry,4,0.0615,2.008
sleep_medicine_circadian_biology,division,N6383,Medicine / Endocrinology Diabetes and Metabolism,3,0.0462,1.953
sleep_medicine_circadian_biology,division,N8288,Pediatrics / Hematology and Oncology,1,0.0154,1.939
sleep_medicine_circadian_biology,department,N1280,Medicine,27,0.4154,1.183
sleep_medicine_circadian_biology,division,N4967,Medicine / Infectious Diseases,4,0.0615,1.179
sleep_medicine_circadian_biology,department,N1320,Neurological Surgery,3,0.0462,1.14
sleep_medicine_circadian_biology,department,N1340,Obstetrics and Gynecology,3,0.0462,1.132
sleep_medicine_circadian_biology,department,N1760,Brain and Mind Research,2,0.0308,1.091
sleep_medicine_circadian_biology,division,N7453,Medicine / Gastroenterology and Hepatology,3,0.0462,0.907
sleep_medicine_circadian_biology,department,N1480,Population Health Sciences,9,0.1385,0.857
sleep_medicine_circadian_biology,department,N1560,Surgery,3,0.0462,0.825
sleep_medicine_circadian_biology,department,N1440,Pediatrics,3,0.0462,0.783
sleep_medicine_circadian_biology,department,N1580,Urology,1,0.0154,0.698
sleep_medicine_circadian_biology,department,N1730,Microbiology and Immunology,1,0.0154,0.666
sleep_medicine_circadian_biology,department,N1520,Radiology,3,0.0462,0.577
sleep_medicine_circadian_biology,division,N2856,Medicine / General Internal Medicine,2,0.0308,0.458
sleep_medicine_circadian_biology,division,N2787,Population Health Sciences / Epidemiology,1,0.0154,0.361
sleep_medicine_circadian_biology,department,N1740,Systems and Computational Biomedicine,1,0.0154,0.275
sleep_medicine_circadian_biology,division,N3632,Medicine / Hematology and Medical Oncology,1,0.0154,0.218
stem_cell_regenerative_medicine,division,N9332,Medicine / Regenerative Medicine,41,0.153,15.183
stem_cell_regenerative_medicine,department,N1710,Cell and Developmental Biology,13,0.0485,10.529
stem_cell_regenerative_medicine,division,N5676,Pediatrics / Cardiology,6,0.0224,8.967
stem_cell_regenerative_medicine,division,N3623,Surgery / Liver Transplantation Surgery,2,0.0075,5.58
stem_cell_regenerative_medicine,department,N1560,Surgery,51,0.1903,3.402
stem_cell_regenerative_medicine,department,N1730,Microbiology and Immunology,20,0.0746,3.231
stem_cell_regenerative_medicine,department,N1760,Brain and Mind Research,23,0.0858,3.043
stem_cell_regenerative_medicine,department,N1540,Rehabilitation Medicine,2,0.0075,2.414
stem_cell_regenerative_medicine,department,N1740,Systems and Computational Biomedicine,36,0.1343,2.403
stem_cell_regenerative_medicine,department,N1420,Pathology and Laboratory Medicine,55,0.2052,2.368
stem_cell_regenerative_medicine,division,N8288,Pediatrics / Hematology and Oncology,5,0.0187,2.351
stem_cell_regenerative_medicine,department,N1700,Biochemistry and Biophysics,10,0.0373,1.98
stem_cell_regenerative_medicine,division,N7453,Medicine / Gastroenterology and Hepatology,21,0.0784,1.54
stem_cell_regenerative_medicine,department,N1340,Obstetrics and Gynecology,13,0.0485,1.19
stem_cell_regenerative_medicine,division,N6252,Medicine / Pulmonary Medicine and Critical Care,7,0.0261,1.176
stem_cell_regenerative_medicine,department,N1280,Medicine,106,0.3955,1.126
stem_cell_regenerative_medicine,division,N6383,Medicine / Endocrinology Diabetes and Metabolism,7,0.0261,1.105
stem_cell_regenerative_medicine,division,N3385,Pediatrics / Pulmonary and Allergy,1,0.0037,1.101
stem_cell_regenerative_medicine,division,N3632,Medicine / Hematology and Medical Oncology,20,0.0746,1.056
stem_cell_regenerative_medicine,department,N1320,Neurological Surgery,10,0.0373,0.922
stem_cell_regenerative_medicine,department,N1440,Pediatrics,14,0.0522,0.887
stem_cell_regenerative_medicine,department,N1750,Pharmacology,6,0.0224,0.845
stem_cell_regenerative_medicine,department,N1300,Neurology,8,0.0299,0.821
stem_cell_regenerative_medicine,department,N1530,Radiation Oncology,2,0.0075,0.787
stem_cell_regenerative_medicine,division,N2787,Population Health Sciences / Epidemiology,8,0.0299,0.701
stem_cell_regenerative_medicine,division,N5687,Medicine / Medical Ethics,1,0.0037,0.661
stem_cell_regenerative_medicine,department,N1720,Genetic Medicine,2,0.0075,0.572
stem_cell_regenerative_medicine,department,N1160,Cardiothoracic Surgery,4,0.0149,0.439
stem_cell_regenerative_medicine,division,N6382,Medicine / Cardiology,4,0.0149,0.399
stem_cell_regenerative_medicine,division,N4967,Medicine / Infectious Diseases,5,0.0187,0.357
stem_cell_regenerative_medicine,division,N3628,Obstetrics and Gynecology / Maternal Fetal Medicine,1,0.0037,0.352
stem_cell_regenerative_medicine,department,N1480,Population Health Sciences,15,0.056,0.347
stem_cell_regenerative_medicine,department,N1500,Psychiatry,2,0.0075,0.244
stem_cell_regenerative_medicine,department,N1520,Radiology,4,0.0149,0.186
stem_cell_regenerative_medicine,department,N1580,Urology,1,0.0037,0.169
stem_cell_regenerative_medicine,division,N2856,Medicine / General Internal Medicine,1,0.0037,0.056
substance_use_addiction_medicine,division,N2466,Population Health Sciences / Comparative Effectiveness and Outcomes,130,0.4693,12.035
substance_use_addiction_medicine,division,N7284,Pediatrics / Genetics,1,0.0036,7.145
substance_use_addiction_medicine,department,N1500,Psychiatry,34,0.1227,4.006
substance_use_addiction_medicine,division,N3436,Population Health Sciences / Health Policy and Economics,29,0.1047,3.927
substance_use_addiction_medicine,division,N7237,Surgery / Pediatric Surgery,1,0.0036,3.572
substance_use_addiction_medicine,department,N1480,Population Health Sciences,153,0.5523,3.421
substance_use_addiction_medicine,division,N3343,Pediatrics / Newborn Medicine,2,0.0072,2.169
substance_use_addiction_medicine,division,N4967,Medicine / Infectious Diseases,29,0.1047,2.006
substance_use_addiction_medicine,division,N5382,Pediatrics / General Pediatrics,5,0.0181,1.846
substance_use_addiction_medicine,department,N1140,Anesthesiology,19,0.0686,1.736
substance_use_addiction_medicine,division,N8555,Medicine / Geriatrics and Palliative Medicine,9,0.0325,1.487
substance_use_addiction_medicine,department,N1760,Brain and Mind Research,11,0.0397,1.408
substance_use_addiction_medicine,department,N1400,Otolaryngology Head and Neck Surgery,5,0.0181,0.961
substance_use_addiction_medicine,division,N7453,Medicine / Gastroenterology and Hepatology,11,0.0397,0.78
substance_use_addiction_medicine,department,N1750,Pharmacology,5,0.0181,0.682
substance_use_addiction_medicine,division,N2787,Population Health Sciences / Epidemiology,8,0.0289,0.679
substance_use_addiction_medicine,division,N2856,Medicine / General Internal Medicine,12,0.0433,0.645
substance_use_addiction_medicine,division,N5687,Medicine / Medical Ethics,1,0.0036,0.639
substance_use_addiction_medicine,department,N1280,Medicine,60,0.2166,0.617
substance_use_addiction_medicine,department,N1300,Neurology,6,0.0217,0.595
substance_use_addiction_medicine,department,N1720,Genetic Medicine,2,0.0072,0.553
substance_use_addiction_medicine,department,N1520,Radiology,12,0.0433,0.541
substance_use_addiction_medicine,department,N1440,Pediatrics,8,0.0289,0.49
substance_use_addiction_medicine,division,N8764,Obstetrics and Gynecology / General Obstetrics and Gynecology,1,0.0036,0.465
substance_use_addiction_medicine,division,N7724,Psychiatry / Hospital Programs,1,0.0036,0.462
substance_use_addiction_medicine,department,N1240,Emergency Medicine,3,0.0108,0.391
substance_use_addiction_medicine,division,N3628,Obstetrics and Gynecology / Maternal Fetal Medicine,1,0.0036,0.34
substance_use_addiction_medicine,department,N1560,Surgery,4,0.0144,0.258
substance_use_addiction_medicine,division,N6382,Medicine / Cardiology,2,0.0072,0.193
substance_use_addiction_medicine,department,N1700,Biochemistry and Biophysics,1,0.0036,0.192
substance_use_addiction_medicine,department,N1340,Obstetrics and Gynecology,2,0.0072,0.177
substance_use_addiction_medicine,division,N6383,Medicine / Endocrinology Diabetes and Metabolism,1,0.0036,0.153
substance_use_addiction_medicine,department,N1320,Neurological Surgery,1,0.0036,0.089
substance_use_addiction_medicine,department,N1420,Pathology and Laboratory Medicine,1,0.0036,0.042
surgery_perioperative_medicine,division,N7778,Surgery / Plastic and Reconstructive Surgery,106,0.0759,8.349
surgery_perioperative_medicine,division,N7324,Surgery / Vascular Surgery,34,0.0244,7.004
surgery_perioperative_medicine,division,N8758,Surgery / General Surgery,8,0.0057,6.886
surgery_perioperative_medicine,department,N1160,Cardiothoracic Surgery,263,0.1884,5.546
surgery_perioperative_medicine,department,N1320,Neurological Surgery,269,0.1927,4.76
surgery_perioperative_medicine,department,N1560,Surgery,344,0.2464,4.405
surgery_perioperative_medicine,division,N6235,"Surgery / Critical Care, Trauma and Burn Surgery",23,0.0165,3.623
surgery_perioperative_medicine,department,N1400,Otolaryngology Head and Neck Surgery,73,0.0523,2.784
surgery_perioperative_medicine,department,N1140,Anesthesiology,139,0.0996,2.521
surgery_perioperative_medicine,department,N1932,Library,15,0.0107,2.178
surgery_perioperative_medicine,department,N1580,Urology,66,0.0473,2.144
surgery_perioperative_medicine,division,N7237,Surgery / Pediatric Surgery,3,0.0021,2.127
surgery_perioperative_medicine,division,N6382,Medicine / Cardiology,81,0.058,1.552
surgery_perioperative_medicine,department,N1360,Ophthalmology,19,0.0136,1.472
surgery_perioperative_medicine,division,N2466,Population Health Sciences / Comparative Effectiveness and Outcomes,74,0.053,1.359
surgery_perioperative_medicine,division,N3623,Surgery / Liver Transplantation Surgery,2,0.0014,1.071
surgery_perioperative_medicine,division,N8764,Obstetrics and Gynecology / General Obstetrics and Gynecology,11,0.0079,1.016
surgery_perioperative_medicine,division,N7453,Medicine / Gastroenterology and Hepatology,68,0.0487,0.957
surgery_perioperative_medicine,division,N7773,Obstetrics and Gynecology / Gyn-Oncology,10,0.0072,0.896
surgery_perioperative_medicine,division,N5676,Pediatrics / Cardiology,3,0.0021,0.861
surgery_perioperative_medicine,department,N1340,Obstetrics and Gynecology,40,0.0287,0.703
surgery_perioperative_medicine,department,N1220,Dermatology,8,0.0057,0.63
surgery_perioperative_medicine,division,N8835,Radiology / Diagnostic and Interventional Radiology,12,0.0086,0.591
surgery_perioperative_medicine,division,N3628,Obstetrics and Gynecology / Maternal Fetal Medicine,8,0.0057,0.54
surgery_perioperative_medicine,department,N1480,Population Health Sciences,107,0.0766,0.475
surgery_perioperative_medicine,department,N1520,Radiology,52,0.0372,0.465
surgery_perioperative_medicine,department,N1530,Radiation Oncology,6,0.0043,0.453
surgery_perioperative_medicine,division,N4328,Pediatrics / Endocrinology,1,0.0007,0.402
surgery_perioperative_medicine,department,N1280,Medicine,192,0.1375,0.392
surgery_perioperative_medicine,department,N1720,Genetic Medicine,6,0.0043,0.329
surgery_perioperative_medicine,department,N1300,Neurology,16,0.0115,0.315
surgery_perioperative_medicine,division,N6383,Medicine / Endocrinology Diabetes and Metabolism,10,0.0072,0.303
surgery_perioperative_medicine,department,N1420,Pathology and Laboratory Medicine,28,0.0201,0.231
surgery_perioperative_medicine,division,N6252,Medicine / Pulmonary Medicine and Critical Care,7,0.005,0.226
surgery_perioperative_medicine,division,N3343,Pediatrics / Newborn Medicine,1,0.0007,0.215
surgery_perioperative_medicine,department,N1440,Pediatrics,17,0.0122,0.207
surgery_perioperative_medicine,division,N2787,Population Health Sciences / Epidemiology,12,0.0086,0.202
surgery_perioperative_medicine,department,N1240,Emergency Medicine,6,0.0043,0.155
surgery_perioperative_medicine,division,N2856,Medicine / General Internal Medicine,13,0.0093,0.139
surgery_perioperative_medicine,division,N3632,Medicine / Hematology and Medical Oncology,13,0.0093,0.132
surgery_perioperative_medicine,division,N8555,Medicine / Geriatrics and Palliative Medicine,4,0.0029,0.131
surgery_perioperative_medicine,division,N7724,Psychiatry / Hospital Programs,1,0.0007,0.092
surgery_perioperative_medicine,division,N3436,Population Health Sciences / Health Policy and Economics,3,0.0021,0.081
surgery_perioperative_medicine,department,N1700,Biochemistry and Biophysics,2,0.0014,0.076
surgery_perioperative_medicine,division,N9332,Medicine / Regenerative Medicine,1,0.0007,0.071
surgery_perioperative_medicine,division,N4967,Medicine / Infectious Diseases,4,0.0029,0.055
surgery_perioperative_medicine,department,N1500,Psychiatry,2,0.0014,0.047
surgery_perioperative_medicine,department,N1730,Microbiology and Immunology,1,0.0007,0.031
surgery_perioperative_medicine,department,N1750,Pharmacology,1,0.0007,0.027
surgery_perioperative_medicine,department,N1740,Systems and Computational Biomedicine,2,0.0014,0.026
surgery_perioperative_medicine,department,N1760,Brain and Mind Research,1,0.0007,0.025
systems_biology,department,N1740,Systems and Computational Biomedicine,109,0.3658,6.542
systems_biology,department,N1710,Cell and Developmental Biology,8,0.0268,5.827
systems_biology,department,N1700,Biochemistry and Biophysics,20,0.0671,3.562
systems_biology,department,N1720,Genetic Medicine,12,0.0403,3.086
systems_biology,department,N1750,Pharmacology,23,0.0772,2.914
systems_biology,division,N8288,Pediatrics / Hematology and Oncology,6,0.0201,2.537
systems_biology,department,N1760,Brain and Mind Research,20,0.0671,2.379
systems_biology,department,N1420,Pathology and Laboratory Medicine,60,0.2013,2.323
systems_biology,department,N1730,Microbiology and Immunology,15,0.0503,2.18
systems_biology,department,N1220,Dermatology,5,0.0168,1.845
systems_biology,division,N9332,Medicine / Regenerative Medicine,5,0.0168,1.665
systems_biology,division,N5472,Pediatrics / Nephrology,1,0.0034,1.547
systems_biology,division,N3632,Medicine / Hematology and Medical Oncology,30,0.1007,1.424
systems_biology,division,N7812,Medicine / Nephrology and Hypertension,6,0.0201,1.283
systems_biology,division,N6252,Medicine / Pulmonary Medicine and Critical Care,8,0.0268,1.209
systems_biology,department,N1580,Urology,7,0.0235,1.065
systems_biology,department,N1530,Radiation Oncology,3,0.0101,1.062
systems_biology,division,N3385,Pediatrics / Pulmonary and Allergy,1,0.0034,0.99
systems_biology,department,N1500,Psychiatry,9,0.0302,0.986
systems_biology,department,N1440,Pediatrics,17,0.057,0.968
systems_biology,division,N4967,Medicine / Infectious Diseases,14,0.047,0.9
systems_biology,division,N7453,Medicine / Gastroenterology and Hepatology,13,0.0436,0.857
systems_biology,department,N1280,Medicine,83,0.2785,0.793
systems_biology,division,N6383,Medicine / Endocrinology Diabetes and Metabolism,5,0.0168,0.71
systems_biology,department,N1140,Anesthesiology,8,0.0268,0.68
systems_biology,department,N1560,Surgery,10,0.0336,0.6
systems_biology,division,N8537,Pediatrics / Infectious Disease,1,0.0034,0.556
systems_biology,department,N1160,Cardiothoracic Surgery,5,0.0168,0.494
systems_biology,department,N1480,Population Health Sciences,22,0.0738,0.457
systems_biology,division,N2787,Population Health Sciences / Epidemiology,5,0.0168,0.394
systems_biology,department,N1300,Neurology,4,0.0134,0.369
systems_biology,department,N1520,Radiology,8,0.0268,0.335
systems_biology,division,N3628,Obstetrics and Gynecology / Maternal Fetal Medicine,1,0.0034,0.316
systems_biology,division,N8835,Radiology / Diagnostic and Interventional Radiology,1,0.0034,0.231
systems_biology,division,N2466,Population Health Sciences / Comparative Effectiveness and Outcomes,2,0.0067,0.172
systems_biology,division,N8555,Medicine / Geriatrics and Palliative Medicine,1,0.0034,0.154
systems_biology,department,N1240,Emergency Medicine,1,0.0034,0.121
systems_biology,division,N6382,Medicine / Cardiology,1,0.0034,0.09
systems_biology,department,N1320,Neurological Surgery,1,0.0034,0.083
systems_biology,department,N1340,Obstetrics and Gynecology,1,0.0034,0.082
systems_biology,division,N2856,Medicine / General Internal Medicine,1,0.0034,0.05
translational_clinical_science,division,N7284,Pediatrics / Genetics,2,0.0016,3.1
translational_clinical_science,division,N3632,Medicine / Hematology and Medical Oncology,274,0.2146,3.036
translational_clinical_science,division,N7225,Pediatrics / Child Development,1,0.0008,2.927
translational_clinical_science,division,N8288,Pediatrics / Hematology and Oncology,25,0.0196,2.467
translational_clinical_science,division,N7812,Medicine / Nephrology and Hypertension,41,0.0321,2.046
translational_clinical_science,department,N1220,Dermatology,23,0.018,1.98
translational_clinical_science,division,N6383,Medicine / Endocrinology Diabetes and Metabolism,52,0.0407,1.723
translational_clinical_science,department,N1530,Radiation Oncology,20,0.0157,1.652
translational_clinical_science,division,N5676,Pediatrics / Cardiology,5,0.0039,1.568
translational_clinical_science,department,N1280,Medicine,642,0.5027,1.432
translational_clinical_science,department,N1740,Systems and Computational Biomedicine,102,0.0799,1.429
translational_clinical_science,department,N1420,Pathology and Laboratory Medicine,153,0.1198,1.382
translational_clinical_science,division,N8835,Radiology / Diagnostic and Interventional Radiology,25,0.0196,1.347
translational_clinical_science,division,N4967,Medicine / Infectious Diseases,88,0.0689,1.32
translational_clinical_science,division,N8537,Pediatrics / Infectious Disease,10,0.0078,1.298
translational_clinical_science,department,N1300,Neurology,56,0.0439,1.205
translational_clinical_science,department,N1160,Cardiothoracic Surgery,52,0.0407,1.199
translational_clinical_science,division,N6252,Medicine / Pulmonary Medicine and Critical Care,33,0.0258,1.164
translational_clinical_science,division,N3385,Pediatrics / Pulmonary and Allergy,5,0.0039,1.156
translational_clinical_science,department,N1520,Radiology,113,0.0885,1.106
translational_clinical_science,department,N1440,Pediatrics,82,0.0642,1.09
translational_clinical_science,department,N1730,Microbiology and Immunology,32,0.0251,1.085
translational_clinical_science,division,N6382,Medicine / Cardiology,50,0.0392,1.047
translational_clinical_science,department,N1750,Pharmacology,34,0.0266,1.005
translational_clinical_science,division,N7724,Psychiatry / Hospital Programs,10,0.0078,1.002
translational_clinical_science,department,N1320,Neurological Surgery,51,0.0399,0.987
translational_clinical_science,department,N1720,Genetic Medicine,16,0.0125,0.96
translational_clinical_science,department,N1932,Library,6,0.0047,0.952
translational_clinical_science,division,N9332,Medicine / Regenerative Medicine,11,0.0086,0.855
translational_clinical_science,department,N1340,Obstetrics and Gynecology,44,0.0345,0.845
translational_clinical_science,division,N7773,Obstetrics and Gynecology / Gyn-Oncology,8,0.0063,0.784
translational_clinical_science,division,N3628,Obstetrics and Gynecology / Maternal Fetal Medicine,10,0.0078,0.738
translational_clinical_science,division,N2466,Population Health Sciences / Comparative Effectiveness and Outcomes,36,0.0282,0.723
translational_clinical_science,department,N1500,Psychiatry,28,0.0219,0.716
translational_clinical_science,department,N1480,Population Health Sciences,144,0.1128,0.698
translational_clinical_science,division,N8524,Neurology / Neurophysiology,1,0.0008,0.676
translational_clinical_science,department,N1580,Urology,19,0.0149,0.675
translational_clinical_science,department,N1400,Otolaryngology Head and Neck Surgery,16,0.0125,0.667
translational_clinical_science,division,N2856,Medicine / General Internal Medicine,53,0.0415,0.618
translational_clinical_science,division,N8764,Obstetrics and Gynecology / General Obstetrics and Gynecology,6,0.0047,0.606
translational_clinical_science,division,N7453,Medicine / Gastroenterology and Hepatology,39,0.0305,0.6
translational_clinical_science,department,N1360,Ophthalmology,7,0.0055,0.593
translational_clinical_science,department,N1760,Brain and Mind Research,20,0.0157,0.555
translational_clinical_science,department,N1700,Biochemistry and Biophysics,13,0.0102,0.54
translational_clinical_science,department,N1540,Rehabilitation Medicine,2,0.0016,0.507
translational_clinical_science,division,N2787,Population Health Sciences / Epidemiology,27,0.0211,0.497
translational_clinical_science,department,N1560,Surgery,34,0.0266,0.476
translational_clinical_science,division,N4328,Pediatrics / Endocrinology,1,0.0008,0.439
translational_clinical_science,division,N5687,Medicine / Medical Ethics,3,0.0023,0.416
translational_clinical_science,department,N1140,Anesthesiology,19,0.0149,0.377
translational_clinical_science,division,N5472,Pediatrics / Nephrology,1,0.0008,0.361
translational_clinical_science,division,N8555,Medicine / Geriatrics and Palliative Medicine,10,0.0078,0.358
translational_clinical_science,division,N3343,Pediatrics / Newborn Medicine,1,0.0008,0.235
translational_clinical_science,division,N7324,Surgery / Vascular Surgery,1,0.0008,0.225
translational_clinical_science,division,N3436,Population Health Sciences / Health Policy and Economics,5,0.0039,0.147
translational_clinical_science,department,N1240,Emergency Medicine,5,0.0039,0.141
translational_clinical_science,division,N5382,Pediatrics / General Pediatrics,1,0.0008,0.08
transplantation_medicine,division,N3623,Surgery / Liver Transplantation Surgery,10,0.0472,35.267
transplantation_medicine,division,N7812,Medicine / Nephrology and Hypertension,57,0.2689,17.133
transplantation_medicine,division,N7453,Medicine / Gastroenterology and Hepatology,35,0.1651,3.245
transplantation_medicine,division,N3632,Medicine / Hematology and Medical Oncology,41,0.1934,2.736
transplantation_medicine,division,N9332,Medicine / Regenerative Medicine,5,0.0236,2.341
transplantation_medicine,department,N1560,Surgery,26,0.1226,2.192
transplantation_medicine,department,N1280,Medicine,154,0.7264,2.068
transplantation_medicine,division,N5676,Pediatrics / Cardiology,1,0.0047,1.889
transplantation_medicine,department,N1160,Cardiothoracic Surgery,12,0.0566,1.666
transplantation_medicine,department,N1420,Pathology and Laboratory Medicine,30,0.1415,1.633
transplantation_medicine,division,N6382,Medicine / Cardiology,12,0.0566,1.514
transplantation_medicine,department,N1140,Anesthesiology,11,0.0519,1.314
transplantation_medicine,division,N4967,Medicine / Infectious Diseases,14,0.066,1.265
transplantation_medicine,department,N1400,Otolaryngology Head and Neck Surgery,4,0.0189,1.004
transplantation_medicine,department,N1730,Microbiology and Immunology,4,0.0189,0.817
transplantation_medicine,department,N1580,Urology,3,0.0142,0.642
transplantation_medicine,division,N6252,Medicine / Pulmonary Medicine and Critical Care,3,0.0142,0.637
transplantation_medicine,division,N6383,Medicine / Endocrinology Diabetes and Metabolism,3,0.0142,0.599
transplantation_medicine,division,N8288,Pediatrics / Hematology and Oncology,1,0.0047,0.594
transplantation_medicine,department,N1740,Systems and Computational Biomedicine,7,0.033,0.591
transplantation_medicine,division,N2856,Medicine / General Internal Medicine,7,0.033,0.492
transplantation_medicine,department,N1440,Pediatrics,6,0.0283,0.48
transplantation_medicine,division,N3628,Obstetrics and Gynecology / Maternal Fetal Medicine,1,0.0047,0.445
transplantation_medicine,division,N2466,Population Health Sciences / Comparative Effectiveness and Outcomes,3,0.0142,0.363
transplantation_medicine,department,N1720,Genetic Medicine,1,0.0047,0.362
transplantation_medicine,department,N1520,Radiology,6,0.0283,0.354
transplantation_medicine,department,N1480,Population Health Sciences,12,0.0566,0.351
transplantation_medicine,department,N1340,Obstetrics and Gynecology,2,0.0094,0.231
transplantation_medicine,department,N1750,Pharmacology,1,0.0047,0.178
transplantation_medicine,department,N1500,Psychiatry,1,0.0047,0.154
urology_mens_health,department,N1580,Urology,178,0.4798,21.755
urology_mens_health,division,N3632,Medicine / Hematology and Medical Oncology,98,0.2642,3.737
urology_mens_health,division,N4328,Pediatrics / Endocrinology,2,0.0054,3.023
urology_mens_health,division,N3623,Surgery / Liver Transplantation Surgery,1,0.0027,2.015
urology_mens_health,department,N1750,Pharmacology,19,0.0512,1.934
urology_mens_health,department,N1520,Radiology,55,0.1482,1.852
urology_mens_health,department,N1420,Pathology and Laboratory Medicine,57,0.1536,1.773
urology_mens_health,department,N1740,Systems and Computational Biomedicine,24,0.0647,1.157
urology_mens_health,division,N2466,Population Health Sciences / Comparative Effectiveness and Outcomes,14,0.0377,0.968
urology_mens_health,department,N1340,Obstetrics and Gynecology,14,0.0377,0.925
urology_mens_health,department,N1530,Radiation Oncology,3,0.0081,0.853
urology_mens_health,department,N1280,Medicine,110,0.2965,0.844
urology_mens_health,division,N2787,Population Health Sciences / Epidemiology,13,0.035,0.823
urology_mens_health,division,N8764,Obstetrics and Gynecology / General Obstetrics and Gynecology,2,0.0054,0.695
urology_mens_health,department,N1480,Population Health Sciences,41,0.1105,0.684
urology_mens_health,department,N1932,Library,1,0.0027,0.546
urology_mens_health,department,N1730,Microbiology and Immunology,4,0.0108,0.467
urology_mens_health,division,N8537,Pediatrics / Infectious Disease,1,0.0027,0.447
urology_mens_health,division,N8288,Pediatrics / Hematology and Oncology,1,0.0027,0.34
urology_mens_health,department,N1220,Dermatology,1,0.0027,0.296
urology_mens_health,department,N1700,Biochemistry and Biophysics,2,0.0054,0.286
urology_mens_health,division,N5382,Pediatrics / General Pediatrics,1,0.0027,0.276
urology_mens_health,division,N9332,Medicine / Regenerative Medicine,1,0.0027,0.268
urology_mens_health,division,N3628,Obstetrics and Gynecology / Maternal Fetal Medicine,1,0.0027,0.254
urology_mens_health,department,N1440,Pediatrics,5,0.0135,0.229
urology_mens_health,division,N6383,Medicine / Endocrinology Diabetes and Metabolism,2,0.0054,0.228
urology_mens_health,division,N4967,Medicine / Infectious Diseases,4,0.0108,0.207
urology_mens_health,division,N7812,Medicine / Nephrology and Hypertension,1,0.0027,0.172
urology_mens_health,department,N1560,Surgery,3,0.0081,0.145
urology_mens_health,department,N1240,Emergency Medicine,1,0.0027,0.097
urology_mens_health,department,N1160,Cardiothoracic Surgery,1,0.0027,0.079
urology_mens_health,department,N1140,Anesthesiology,1,0.0027,0.068
urology_mens_health,division,N7453,Medicine / Gastroenterology and Hepatology,1,0.0027,0.053
urology_mens_health,division,N2856,Medicine / General Internal Medicine,1,0.0027,0.04
womens_health_reproductive_medicine,division,N8764,Obstetrics and Gynecology / General Obstetrics and Gynecology,56,0.0935,12.052
womens_health_reproductive_medicine,department,N1340,Obstetrics and Gynecology,251,0.419,10.276
womens_health_reproductive_medicine,division,N7773,Obstetrics and Gynecology / Gyn-Oncology,49,0.0818,10.231
womens_health_reproductive_medicine,division,N3628,Obstetrics and Gynecology / Maternal Fetal Medicine,56,0.0935,8.811
womens_health_reproductive_medicine,division,N8758,Surgery / General Surgery,2,0.0033,4.012
womens_health_reproductive_medicine,division,N2787,Population Health Sciences / Epidemiology,59,0.0985,2.314
womens_health_reproductive_medicine,division,N7324,Surgery / Vascular Surgery,4,0.0067,1.92
womens_health_reproductive_medicine,division,N7453,Medicine / Gastroenterology and Hepatology,45,0.0751,1.476
womens_health_reproductive_medicine,department,N1932,Library,4,0.0067,1.353
womens_health_reproductive_medicine,division,N5676,Pediatrics / Cardiology,2,0.0033,1.337
womens_health_reproductive_medicine,department,N1750,Pharmacology,19,0.0317,1.198
womens_health_reproductive_medicine,department,N1480,Population Health Sciences,110,0.1836,1.137
womens_health_reproductive_medicine,department,N1160,Cardiothoracic Surgery,23,0.0384,1.13
womens_health_reproductive_medicine,division,N4328,Pediatrics / Endocrinology,1,0.0017,0.936
womens_health_reproductive_medicine,department,N1560,Surgery,30,0.0501,0.895
womens_health_reproductive_medicine,division,N7812,Medicine / Nephrology and Hypertension,8,0.0134,0.851
womens_health_reproductive_medicine,department,N1420,Pathology and Laboratory Medicine,44,0.0735,0.848
womens_health_reproductive_medicine,department,N1580,Urology,11,0.0184,0.833
womens_health_reproductive_medicine,department,N1760,Brain and Mind Research,14,0.0234,0.829
womens_health_reproductive_medicine,division,N5472,Pediatrics / Nephrology,1,0.0017,0.769
womens_health_reproductive_medicine,department,N1140,Anesthesiology,18,0.0301,0.761
womens_health_reproductive_medicine,division,N4967,Medicine / Infectious Diseases,23,0.0384,0.736
womens_health_reproductive_medicine,department,N1710,Cell and Developmental Biology,2,0.0033,0.725
womens_health_reproductive_medicine,department,N1530,Radiation Oncology,4,0.0067,0.704
womens_health_reproductive_medicine,division,N2856,Medicine / General Internal Medicine,28,0.0467,0.696
womens_health_reproductive_medicine,division,N2466,Population Health Sciences / Comparative Effectiveness and Outcomes,16,0.0267,0.685
womens_health_reproductive_medicine,department,N1280,Medicine,141,0.2354,0.67
womens_health_reproductive_medicine,division,N6382,Medicine / Cardiology,15,0.025,0.67
womens_health_reproductive_medicine,department,N1520,Radiology,32,0.0534,0.667
womens_health_reproductive_medicine,division,N6383,Medicine / Endocrinology Diabetes and Metabolism,9,0.015,0.636
womens_health_reproductive_medicine,department,N1300,Neurology,13,0.0217,0.597
womens_health_reproductive_medicine,division,N5687,Medicine / Medical Ethics,2,0.0033,0.591
womens_health_reproductive_medicine,department,N1500,Psychiatry,10,0.0167,0.545
womens_health_reproductive_medicine,division,N3632,Medicine / Hematology and Medical Oncology,23,0.0384,0.543
womens_health_reproductive_medicine,department,N1540,Rehabilitation Medicine,1,0.0017,0.54
womens_health_reproductive_medicine,department,N1740,Systems and Computational Biomedicine,17,0.0284,0.508
womens_health_reproductive_medicine,division,N9332,Medicine / Regenerative Medicine,3,0.005,0.497
womens_health_reproductive_medicine,department,N1220,Dermatology,2,0.0033,0.367
womens_health_reproductive_medicine,department,N1440,Pediatrics,11,0.0184,0.312
womens_health_reproductive_medicine,division,N8537,Pediatrics / Infectious Disease,1,0.0017,0.277
womens_health_reproductive_medicine,department,N1720,Genetic Medicine,2,0.0033,0.256
womens_health_reproductive_medicine,division,N3436,Population Health Sciences / Health Policy and Economics,4,0.0067,0.25
womens_health_reproductive_medicine,department,N1240,Emergency Medicine,4,0.0067,0.241
womens_health_reproductive_medicine,department,N1730,Microbiology and Immunology,3,0.005,0.217
womens_health_reproductive_medicine,division,N7724,Psychiatry / Hospital Programs,1,0.0017,0.214
womens_health_reproductive_medicine,division,N7778,Surgery / Plastic and Reconstructive Surgery,1,0.0017,0.184
womens_health_reproductive_medicine,department,N1360,Ophthalmology,1,0.0017,0.181
womens_health_reproductive_medicine,department,N1700,Biochemistry and Biophysics,2,0.0033,0.177
womens_health_reproductive_medicine,division,N5382,Pediatrics / General Pediatrics,1,0.0017,0.171
womens_health_reproductive_medicine,department,N1320,Neurological Surgery,3,0.005,0.124
womens_health_reproductive_medicine,division,N8835,Radiology / Diagnostic and Interventional Radiology,1,0.0017,0.115
womens_health_reproductive_medicine,department,N1400,Otolaryngology Head and Neck Surgery,1,0.0017,0.089
womens_health_reproductive_medicine,division,N6252,Medicine / Pulmonary Medicine and Critical Care,1,0.0017,0.075
